Id,Predicted
49I3SOKLI2CMNGP4,4830.420836073915
727IRIR59A3P88LK,2910.318346792413
LN95SD15SRPCEE8F,209.8096021609711
TB11I7F0PN033D4T,4219.324154352604
32PSGCK5PATHMR07,157.44718368051696
KCGC12BK5PGHP4SO,1765.6936404622375
SE7SP9PNCS9H4RKL,29.71930768481651
AI23CE9L10CFLK8N,7559.765303622771
MC4LR1DKGGEL4C4C,77.32067934946588
FEM7P31GRFL5E329,7926.67865170202
LEDTR17G0F05QNKK,1690.8042784215043
OK8H6QICAPHP7797,377.28886241861676
5JB8EP6MFBOHDKTN,303.7921206278772
EPF30Q5AAPONR3R9,375.3126383847661
EMJLEN304HMM5K4J,63.77103702250906
AG9O7BTSE742NCB3,38.95940941085837
I0NPS190JO9CF869,5620.94396149054
LDM8GL4O8474HDKB,2667.2580347031644
7H44IQ6G2ACIC4LD,341.2555892608884
M4GKAHO2QGLSOH84,43.899570416755935
R5IQF8R2QMKTIH67,28.659854009233886
GTREJSI43M3EKO1L,3856.6623315886827
8AE6D5579O3G46B9,444.8474766993728
2EPSDJTDBSRC14BJ,284.6005849837237
61ORCAKB56PN773C,819.3915599500567
N5F8A570IM7JM8BP,410.9763295106565
3APD0Q64QKLRI729,122.67519836209266
CJACBTFIFGC5H99J,392.73460786268265
EI2KQ9EN4G1FAAJE,8929.569527355516
M4EKTPPJ3I0KGI3O,3020.643004874502
INBBJACC1AE1HTNQ,4392.973489454206
4D9H4JO50R43O723,5917.114780737569
QS9G5KJL4ASSPQSQ,1494.8680834036873
JAEG665AOMT7JSAT,9307.764393908172
43B9S26F06HMRKEL,5093.991672005315
7PKA60OKDJO7HBKD,274.6434531359811
64PMFJT865CMEM17,382.93037921006805
0DRTFRTEK3RS76EM,1770.9705443368607
1B04PDI92CFNDCDP,4045.047851346075
LQIGEBP83S7ISG88,3758.9234967176926
KHNG9HDL10RQD3HS,713.9293471425298
GGCJ4C2KP8GC7HA8,2578.4218852589593
P5PSF21O8TCERK4K,2810.7322501278527
930DG83R8P3M7KF6,264.6261643897672
TIMHM4HTH87KOS06,155.78672105210572
IMNKHNLIA82MCDEK,77.77130633138927
E69KP6D2EJT9EHIK,803.54611674178
C43Q1L67GEBM09SQ,1279.1399605336014
825F0GJG7SLIQK1J,346.8015437205928
DLRBO0TLOSO4C96C,6633.217499693293
3QM33RDP21AO6K2L,322.19698460541457
IBPOCKOTGBP7B97O,90.7955426929325
GAEALFSAEMTF5L2P,1447.2624182440486
PBKP6NA27EH0R5CF,7005.34222141331
MRSLRDQSFBGB607T,8221.05680223356
C05SSKFD3IQLICI9,381.02092952174945
S0DJACEKJA74NERC,1083.8328440451667
1HO2G4SM3D3CP3GO,2334.4208036058953
Q48FH6G2RQ5ODA74,64.18768713943732
FQNTHOF88HGCICBL,3072.4259122737535
ENHMQIMCEJDK8E99,3751.5107384146468
33F8GFBN5MS70TPF,168.3816577069206
2SCA455JFIEI2LOH,4666.546457094743
7EH3K8GGCER895TN,235.42345683088843
9A9BB7CD6R1H04GC,295.1738365998346
41HJ2GBLKQO94937,3094.0454115640514
TCOGG9O1Q51NE5P9,141.5694606165875
K9THEQF9QCOETNHO,3813.2403701548765
G9H4DQC7H4OS396S,670.6533292560484
MOHH854I0PI8QHGF,9529.937807976854
T9QMPT2T2Q9BP3HD,101.28952446780866
QC6JT108H6K41QRM,4168.646411812729
JHT4NG9GNGEQ7CND,215.99596438375102
365NQQQD4QT5CBP9,462.18879440651745
D6A98MDL5DJMLGQH,216.7374921373704
K1K6H0RTKDI5O1DL,1816.407724243814
RA7FN41CNRITBAL9,97.55507738553462
9GCHS8O0BIT3GP2B,798.4513084763668
H0S71P5FM67BR04B,629.2864863542908
T0LQDNK1564Q7PHM,7878.84493447604
T0ETACLNJ7F61E90,4876.774832948851
CMJLKGK0IR2Q43A4,3499.0242366310945
5J2BNMN46654PP4F,568.4948921267485
EATI6B8S4MEO3R3R,2001.0570308057945
PGK68GITHTSMDECB,1999.3852874391212
L2NG3T13EM3FPB6L,6693.833117038619
DCGNCC29APJACRSP,3332.1705436220277
KI3LJPJFAQHH4EDH,12120.63004580865
56NRNAOA3DOBA7EG,129.93466815929227
TAO36NAKCR72NJBF,2244.1940693842143
7MF17ODN3A5C01NK,3579.3149897726944
OHKAQNIBIQ9M62SQ,1530.538181956967
347M3O8CAKHLTN3L,3702.4074972714056
05MORCA71FBJ9PQF,2832.0549464184624
KJN4MR2HKM25IJEB,3429.958658474331
P5C1RTL8912ON0LH,5537.7568226861495
KQK1PMJ6ETA7S9GT,1875.1812142039776
5QMS5TLL0SMLM4MF,305.11580267561646
TJ4QRE6RBKEGHNLG,2669.830301626646
95C19TDNFH61Q2NS,3679.4562676293554
AS90TO12ED8RJMO5,4535.902328657212
G5QF1BL4MBJN67JM,3649.476979938006
63OCNE6J4408TNT7,10130.895996113179
I23M97LENI66OA20,1398.6347158954247
G38TE3S3ME4692SD,9705.419459597451
QJAG4S061M83QKPN,9737.383835565246
0MMEA9KEC0PMSO1S,715.7148257959448
S9R0HSEPKP8LQ91O,12926.893838616168
68LD1S0005NA6P3E,3004.780362311675
R5G15228PLAEMFGG,713.5043244953081
4JBGAOSB7SPCK2SG,123.66847792049379
SEFJNL7EHOTA661N,95.3169696280447
G1IIO39P6SQIGQTR,260.4909955740882
ISTA61N4N6CTFG66,1334.0974363679009
J9N3ID5K8C0JGO2O,2951.0200447228867
TMPMMQI9HE6JC342,314.4387052858756
2ICSM0745C80QMG3,4681.736859130703
OJI6TG43RL546IMB,175.25156520013
PLHO032NDHB2L531,213.1249656067136
GQ1T8MA5P3NK38TH,657.8012079262846
QBBGMKLRC8ASCLAF,6265.268477618281
O6KKQLFFEJQ8DGPJ,33.671531444186904
I2LRLD8069GBH9SB,2971.066817900874
RRM80B9BPH8NC722,4409.839737104591
5N8DSOART14L161L,55.113024650969585
ITFHEM51SR32DQ3I,18.496392476795002
JD3RKBCENFQ0MSEP,815.547686081707
QFSL4REPTH6AE564,2007.93909901568
RA88ODKKMNQF5LKJ,12.011533456090202
9777N6EFTB991ICM,1379.603794188606
NF4TSQ4SIM4LJBLQ,655.0341210285042
SJ4SQFPSIRAKA1QJ,2000.5664490693277
3SEHNBEB2SI5CA4G,5427.2569417020395
EBT7KR2A8LB4J3JI,3383.950404656256
4EB20OHH7MP5JH7A,64.80289036861977
FMDRJPENN4B9HHDK,1042.6493411384906
88J7DCNI26MI5C5P,4619.237992975918
E5L9GA2TF4FEFSM3,8.943530964076174
83NC9DSQC7EO8GRM,2346.2222332742494
4TFQN8DMM5AGP62J,1485.4752048309333
T3QECJR2BGKDPJGF,5805.106680686477
MMNDF64O95TTMF71,113.79547917477952
6Q4PKM7H1H2B0HFH,237.65853129313518
GI24NE5M8CCQQDIM,187.5505130231812
G0IH2ESD6866G6F4,213.91196874096258
H5RDASJI74EHJL6D,72.55041284137752
50TLBIAD9T10OJ1Q,2527.402980630031
51GGDTSE2O887MKB,8.64800065213748
7J0P5JGA1HQ8QF4S,3683.0037282175545
O7J5EQFRD7BTN2NF,10489.675267504737
E97CQ8RNK4Q8NMTG,5448.700716771713
6F2RNNTLR2O5KI2A,2273.586396549446
CQB5T10AM53RM1DH,6565.204066592701
EF3QI1Q2BINFI6B2,109.29720068000117
EHE7GFPB24OHL8G5,507.70714182435773
HAL4E55FQJ7JEMBT,589.2333147082547
LCT7NRBEH130B5P7,204.99404110225626
E28C8BPNKJPQ922Q,37.70672493405642
KD0NG4J4TJODQ0F7,91.55043830879065
S56S32JT1D9H3ILF,9746.38637559556
QOS42780FHAQ6OOI,817.832989593676
MQ4SHLME6CIBQIRI,5182.366074405383
NN1MQG6DNK4G14D7,268.0071427715143
HK52LGH6FILRQ6L8,64.26027426665621
5N12T4PN7FBJ7T86,193.55195685104846
P89HPE8CCSIH8RRP,58.69283554158273
8IP74KRJFFJI00CG,5077.735922588814
94BSKMT2BJJLDTKL,7788.159894868877
LB4LL2ATES1MLQOP,7411.6450202212445
2H3MB37M4R5K1D3K,79.0256383133871
3IATJMBTGMNEIDII,350.5118701766339
0EG14I7C0A6IKNAO,248.00640050639538
P8M06452R091A6TL,542.0809557162465
7T0QGGJO4FGCR5AO,152.40362065739956
ACP9ACDGAMGTDN5F,2812.055794108148
TK7QGMB5GAEC1S2B,8755.570776441135
4M50KAGE6E31D3EN,1254.366143352706
AP3RGBIE090QL5OH,1694.3212142838206
LFDNOOGNKD1O0L9Q,183.26598462612816
SOJDSLJKAJ7NE5JM,1589.6468568035186
E4150421O62470K3,2200.2010703856827
RDK9H56QLDCK34P9,448.96898987956064
6MO2RDKME9MLAFJD,3073.359336940828
RQH34FT4O2NCLM7P,1542.6488204014713
99LIEKM4N3JO33A2,299.362286263751
P3LNR5A9KG047TF2,7340.666697042555
1QSDATERNG22OBGL,3051.847916412974
GG0E85C0D1IT1KPH,1416.1367659260427
TBR88FTN6ID9AJCH,4269.160856399455
0JPC51M9GC6EMD4B,871.8981686506974
RKGO0LCPECT8303L,4686.456061141718
RB8MS4TGGG8LM23M,176.74485675321105
31AONLKFPQ8RHJ2P,715.1462756725665
IFA60AQQBB2LGK29,3358.936498699428
BGLN7K7BEJR9JB1R,4192.347427613797
T6ON5MI4OBN4K1HA,280.9969648539974
AE04SN5QI47FKG78,4165.309234368082
FBNOKRI4BF61SPN1,3710.7799565571922
6A4JM9ETD6J48LKL,6065.249578624365
BTH8FEJ9EE4I4E74,259.2941838582684
7C798784PCJ4BTG5,225.12195820932067
1KKO6B5BQNB8B01B,93.50130023664913
LHPK26G5O8SE12F4,330.4257256192657
KI032M8G9P75R9DI,9411.667926738908
O63DDITPLL0RGT5F,33.41544886771024
OMJELLTQPAI5N2SE,1111.1900052568842
QKJIS0PBR2J5EMG0,419.2378292365457
QLSG334JFTK0NSTE,11.34487073939824
10B5PE4PGI906RS4,4853.646259582264
PS3OP5EOPTKNGS8K,144.85235248849247
D8MR1JN66RN8OEIK,4041.7514696972335
8EH3QACP58QMFHK1,9021.197059230195
64147N7ICR6IKDII,857.9161917367366
HSOHLFSKCKMBS0A9,7845.07117958031
5IPN36DB32P5QNAP,1680.0768706197287
O0G8M9ESCHL40ACH,363.2604980120992
SMTTB17NFMC59FKO,2193.0278163182566
NF16LP03L5AI0L0F,1352.5234550951764
I00NEA79PFD2L6QS,793.7016187444486
KI0GTMQP2MPQ1279,6951.612059975113
K9I7BABMI2RO5KLJ,1028.4135670026135
QE58A39OG4AG1510,203.69841614261156
3CH1JOR4KT7NBRL3,5037.269000920361
73IPGI3RSCS754F4,4805.196310499455
D0CDQM0KRGK5E45H,543.1755919306456
4QNSN9KBNB91P2NK,197.41003998000073
22CQB2EK12JKABCD,5963.696364354211
SS201B661L1MC7E3,7579.79495663322
B3PPD550GNFPGGIO,852.3970041020261
HCA9IJS2T3PQ1KSH,11.715897264657569
B7CHDR1RH01CKH3R,3956.2181465735416
TG4QFGAENHJEGK5L,4428.151820297243
AABEPN5QBICNP23C,1345.0598418725076
KRN6NC2M2T347G9L,1696.7487398607648
9PTNIDFT2R3ITKCE,1162.7234638600844
CKI69B17ACLII63Q,2566.932600030815
34DEPQHCJAC01I61,103.28828643639989
C45Q1TTRBDA39FH5,999.880857646111
8B7F9I5EJI4SC847,86.8912871168217
JE3P27D7BSH6A0J5,205.9446720036298
3FE510I98M79ITT5,419.80322861979414
3N0I7QE5JGII6G38,437.89404710309185
3BT0RJKNK7R5MLDI,51.25527810747926
490LPKT84KFCJHHQ,8935.632367840482
6B8CP1OFFLJ61K61,3231.4196612814635
PG8HJDH5ALNAFCRB,2309.297825614821
LQHLP8K6IH6R1GSG,850.1604867068934
A8NTS5JFPK22ATER,4127.497968570534
99DIKCD7S9IK75S0,4005.540154719716
PP2LSC2D7EP1SRMK,14.693970902699384
EHAFDRO7IS6L63BF,95.47972083830008
B8OLPJPN6IKFSPII,343.7165144516263
MP3AJ9I83H8JT5F4,2486.952959911397
9K1BBFDA60JILKCJ,541.9671949082763
6B9GSC1JITA32JI9,4358.251500971091
J52KJ9MNS0JLGPKH,59.54708796276433
3EQHEJ61DJEGO48R,8.664516167420366
REM5SOTGAQDR5Q2T,386.61844900544787
83GSI1QD2DBSL1HS,3063.653942692223
56BJ5OPR5R76MCRC,2598.0008922842862
ATFPLSH1QL3I9GJG,7789.173581733229
DO9138GKFMA0AB72,3739.865430798683
Q0ERHF31GO2AMC6O,579.482120401442
E3OCM97DCR7P2NIB,4205.000903457637
EFGPLSBL8O11A612,127.59949037890803
D7PHAIT33K9J3N30,2156.263632925204
M8M9NLDMG3JADD9N,197.82831846434456
2I98G72F30EHF955,4726.43083468768
192R3LF678TKOL3H,9284.012318638283
731KHKAE3B1MCCCN,1274.9922729906496
BEIAANTKG3P0F09P,3208.9969379848844
8OBRKKABCAQA7ARI,6628.5660591178075
B768L1GSERMSGT7F,1842.1189513577237
MJ5MCTIHI3HF576J,1217.5847679263463
AT58PMND4M4PKN5A,294.4484419953423
EASNTSPBA3GGH98N,854.8029162770729
HN3GNJ7TFLGAPLBO,981.2463748848044
HPANSA83152FBPAE,8.24222026434591
P3GD6IASD3QGTO7P,3939.027190704828
LIAND8MEILADOC9G,2574.316724110047
OSACHGE51N68CM3C,176.65321431511396
OML9A6TRD1QGDFTI,3104.111535629558
5QDTG19A0G8MEGLN,1051.1049364784017
LHE97OSD2SMNASM7,198.2128784928574
ATT5MSQ688ANJL4Q,983.0959788909308
CDQFMBPPJ679D9A4,2398.192935591656
GBQLSHE0346P148L,166.92288210205436
63BMEHFTH8D4ASSI,50.43353181445496
BS352JGGHMF69R7O,6.69322765776771
BFBPT41R4Q7OSD8H,298.8813411641708
BCGS8JK065MQOT14,249.6989439693918
RHKN6FL2DAD1H2QN,124.91873263939172
4HSEF5JP975SD96H,2743.7198428193965
P6DI5093QM1MB7QT,2626.5250339474205
DS0560TQ1Q7HHR35,295.07780350428925
A5G2RF127D9DFCFL,6343.04689222887
OQ46C4ATC943DR7J,0.27725234766610174
8KKL5ST1KQ2D11RP,1872.46199066136
53MROBAIAD9MMMJA,2766.1474460195623
FQA1ANHTG28GPOC5,391.9833265053959
2EOHA28CTHMPABQ5,2468.2425855433676
Q1R5JQQDBFI95AJ8,870.3956238953272
TM1EGHJJD6NDLJBE,32.27559350018419
OEIIMQG4E5MTJ5EQ,6047.236329507377
1HG3PQ2G26PK47TR,697.822864347632
CJ4BLE7ONIHRL99R,239.4158573996552
J729HGTRG9BPCFAO,577.4553756449342
LO4722CRITH7H04H,1473.683838292726
F9FQERP29MLPB0OQ,6881.860955166487
SA8H620S06AMSPDN,2853.2273634772587
NRSH90N48JA29NED,134.93323948281457
A977KF703ADIS6AR,763.6555350702064
L4CFM7NPB655E7M6,224.1812109318291
BTDMHHR1FG9QOFIP,1081.4328394098836
4CN39SSK1KE9M8T7,9170.141271864924
BNC18B0L3FHCKSLO,11652.273178161126
B7SB1NM9Q91BKF4Q,1014.6900755333918
I3EITMGJI7PLQ7TG,172.31718356833088
5B4CG9QOM9C25J2B,812.9733273228874
1JP6N14GC1TI0G0A,4722.475043901192
HJLQ1EHFJIIIHMCJ,3439.645503782931
BQPJKNJ7T3998NEE,352.9131786210355
RB1T5EBBSEKR83KO,4444.172481405034
K4LQGJMC1151CHOC,582.2848210305091
SNTEG3GPFGDJA945,239.28870825497285
MCR16TCCG9H75TCI,1542.6022149317046
LEDKJ0GISIJ8H97J,334.6532519558923
EJTQKGNMN5DJF7EL,1190.29788456408
RAAA3OJGF64R2JI9,2112.908498973482
3CPBJC359MDCQ0BM,281.74539992082526
9DJ09IAOJ1QFOO63,88.7071366000271
MG3PEBPCDAR0AES9,3025.0446975477594
L4IG91Q41DM7G94B,6790.613344250172
T5T29JK0OGJN1I5A,3471.1280184009324
0HML5I3HP6CRRFRQ,204.77835114464182
G4ATJRD1MAMSBTMA,43.62175096218046
1I7LG5NIAEO8SNBI,2330.426877285664
EQ9HT7D6C60F1PRI,4579.384720196545
49EI89BR02EOLED0,1980.2380374642753
6NT4IOJI9L6JK1TG,6598.070015314349
65K1D4A4FHQQSM9T,5512.32444477423
RJ6HKDO5A6R7ARSD,4777.318146854365
57BGEQBE40D3HR3I,1346.2616618943916
Q3DP2S15CAD6PIJD,7010.107101756223
EQNPK2J9FN85BPMS,6522.350551762699
H4C6D17OH5BTO5S2,3186.974240487659
1SD07JN9BKQ27640,384.273178000668
FNOJI0F2KPQS8532,13.248140150107698
BHKC084AF862D34G,3340.0653490828395
JE8NJFKROFO1TOFR,166.3294990529657
1LC71I495MCMK2PA,226.54926525573396
TG71JHM3BCS3BBGD,73.34793247985355
QB7DG7NM1TER4AMO,1067.9866196709709
24PBJJGDPTL796GS,6543.372911940401
R8088OEFOHDATAL6,1329.0471984386643
2KRAMA1RO7K0NOF9,2189.2165956338313
498NNHEQ3MMBFG47,6.83689004249056
166GCGLJR19GGS2F,1655.0201973006572
O3LG1DSNH83S309O,2238.403010747349
CMM19RTA4FRMLGNL,484.6487695905326
PB7OL4SHP1FC61LI,242.77430113727772
7PK2M7Q4ASC6AOQ7,10396.38136083265
O6A4QESHAKS5QKSI,492.93320694527364
12529ECPORPHJ96N,2362.038922424231
KDO5F9CTHS886ILH,4939.5982584403755
8ORBO5LPM73THQ56,27.278843619971468
I98BO9L4KN6BJ463,761.777470814385
2C4BQ1LJ1FQR19LG,400.9174365060099
T43CNJN9BS6CGD8N,361.8190238498856
86N07CKE8L6PAHRE,6424.6843475640635
SPFFQJ3J3I58624L,8317.433700627258
3J2Q8C0C1141S5Q6,393.49795066370143
Q7ML9CG1LBIE6N6C,2688.784317426268
KSE6HGQS68GPAS90,4391.422205338359
CAONDL0S3PFTPL56,1205.3810046406581
JO9KECKO5M4QACO0,74.76366471931706
C5DPRBF6D96QED32,722.3307885279063
2LJGQ7LQC4DHPQN0,5533.966691644452
S07OQNNB650NJCS0,706.8043355183435
EC755IOR7KJRF8JD,58.17858445678081
H4FHA8LT5PASKI4S,196.40982890101668
1JR37HIC6L6FIT6S,265.70337272688164
LG8LA3CGR6T6RRM5,5132.657837693773
18F3NF798BOI0N4T,3502.7765619287893
1R7QFGS8IEG7IFCC,390.36917243863167
HH742FBO6SD644QM,6736.7402851927545
22NJ35P198NDN6FL,497.76936304022155
3TAKALPRKOTCOT5I,6413.241398459351
H5DKT6A3PMLJ5KDE,6018.221921884252
5JT0702CI1SPP4K2,3024.5638781347147
1J5Q4OBC48AAIRSA,3904.8373073793155
7C46OJB579118OOE,1788.144734575681
DPA7NM9DQ8QJS0DF,1728.1210265499349
LK4AC0SK9G52TE06,296.37045468601144
2S8LF2IL0GLTOQ2T,205.81645207860666
N0KPM80G1572J1EG,242.97539874584606
TO76T957N6PGB061,4613.278318859026
SHGG5O657ARCBBS0,811.070935110171
JP1KHDHKERA21I41,4223.897583161079
S8A0ETBLKTF1B8G3,425.92685390076775
8I02N0A89NFPOSF4,4087.0819156826815
Q15SO84EBBC382L5,5771.0592956994515
C9O0JNMDJNOF5L6T,1961.3223750911345
130F4STRB4KD7OMD,106.92521748234061
BKJ5O2I2AC26G96B,33.75853921537305
1H0BT5MTIADALJD9,625.3985971023056
7I3I33F9SL9AE2H7,218.15249845067487
IOL5C8HHQG387LDS,978.2101411883541
R6E19JSGR9J63JQG,4594.618520241791
SB72NJT3JIT760SG,1253.5404894668336
TKABGHJA2QOMJF89,1959.2347594051037
I2TQD33I46T1F56G,1602.7944152146765
8FOQ0KE29AE1N0S1,1795.0109103143295
5AFLR2FCOA0N82MG,4431.570720645502
EN0PPTST6KAQT91R,3023.209874085484
88HIM46E5I360MRQ,26.194401789654115
2OJLA27NIHK0CCNT,1390.0320078688678
O2T8L01O658KP4QH,1868.9095729759188
431E4R5Q8KB7IAKI,3377.614391561856
S53PKG821JT9QC11,1797.127824807858
D3JNE3F49PPMCRJP,3.1572981320831044
24LF00A10HO8H72I,1879.4384979901404
QB7O1IH2CPASF5D3,2821.6010815850605
M5HJ560J5K356ATO,2411.877890855052
TNG4650J7NTIA15E,2878.933451235399
P424P405QQ899L70,1738.9860813959315
M96RTATAFM82LF30,977.4022570720643
J4AL4KC1LI2DJ34I,206.92244715188014
27SIMRCCH04HIDIK,2110.85902926773
S0OKSSPCGQPBLKJF,9306.93105508732
K6EF1BM6N7BQ27NR,5663.270940034714
A2QOT07GN2NFNI1T,5679.208113444538
D75OMB6LSE08OTSB,89.8706063123067
1LPI8MC08PDFH2M3,186.00652424353
NHPQLLFNC9A8MJ10,2348.5984547893363
A6LBS56P5901KSMC,271.0494932315986
ON1S7JD8G0BHBQED,317.1202237361776
3TCITHN3CSQELI42,8.543203586782374
MGTLGFLSERBS0NQ7,6312.9632876963315
0602O26DGA3NSNN6,184.20151052638553
57685ILSITH07FMI,984.1335881283035
OKEPFDCLJG1R0IBS,4408.513601599458
38J79AEA61MB7NPE,1528.377760530067
JLTCLJPSR9KML42J,174.18677748254916
OGTS8JCE30N3Q46J,20336.29366145066
8TRL0M8AG7KT4QPH,794.3534856952597
FRJ48M9LFEK0PHTJ,55.03585666380552
KBLACG5KMDP7SJGA,11271.79803084802
IA28OI1RSCJQDC6D,3093.8174267956106
HP9NQT1KR3TJQ1S2,4625.310296827238
663KTJSIMAF9SHHF,72.79145412299492
M4J6O00ON01B6MGF,6892.183759776826
LCA6MA16QO34F0AG,293.6378334761078
43MG61POI5A3AR9D,4688.320574108076
IBTK2JABSMOLN8N2,377.711578801754
08I8JIJL7P6ES25S,659.6574377765967
O39P1SFLLBRQ93Q4,128.85202641977028
S3DB84CH0HA6AHCH,394.34875331868403
O2JLBL0ILRQDL762,12.14514025469096
20SBIIPORIGR385J,9985.618287648063
HET3DCHKN49QMFIR,22.02734018934956
72MQ41AKRGELER5S,179.9537544180771
IRFJFALDI0FGK4LD,63.88654968306044
OOR2ETIFFSFBIT0N,4514.053657840649
FO1MB0I9H5ASRAE3,63.16800782441665
HHTCHCSONIHOP3P5,241.99655242292187
JRFM8QCJKIGMJ2F2,177.25951825529813
CTE01KNFN73N1D0E,3262.4669264521162
1IL0ETLP4JMSR9Q9,748.262672628007
H2CAKHD7TFG34E9T,701.6408234330742
1T9IKQ5R2A8QI2AK,10.6336113776853
IK3SRTF8G21G2LGQ,5135.013467244381
QLT46KC3KKTNMKM6,9078.060587880153
A7IMEPIE5B7RGDA5,630.1527884024051
AG32112ONNO3CJOL,102.4123496231314
3M02OINEE5SQ04HO,160.06475788746693
JAR0PTOB07MLEC9I,7696.791277279224
GB9TR6TMLJ51FI5R,81.76848937530677
1ON0EPBPKKRRDPI0,151.58638318406173
5204D1OO1R53HOPP,360.2831092320917
0IHRICRDGSKSM4QG,270.2418225251173
68GJ1METQ6TKFCFQ,4208.3931854188395
3PO6FPK6RK398RFQ,5196.657371345794
DFS0631F4OM6CBB5,1515.5511163024441
II8BMCG2J92CMF0B,1476.926857653242
KALNFK73D7FFFRF3,91.46660893479547
78K1IR3T56TK386G,7605.185867251561
P8H31N224579QPRC,2950.8367108634106
BNHRSDHI077CE3HQ,3768.6817632888024
IA5TG2T2ELD3BCJ6,9679.956860782124
QJL2T7JJ3CGE5JAL,115.95436659604306
D578I389PJR5BD5I,71.11367429167778
LA5R6MQC4I8NK8PQ,6.362503191552546
BBMMCDOS07QHLH0H,2385.9728400728454
Q418H23MHO975STT,454.588905638283
B2S504BTEB3460D6,4663.490283124811
FB79NJH2NMAIS3R5,1446.2860948339612
1D55T187PNG2EEBG,3076.1467085978707
02EC3C7I6DB6PS85,564.4057483152226
9PBL7EOMEM6KN9TJ,59.75308551949609
SC0IRO1FJ2HBOCJL,5985.851171940619
2488SJHFQ61988AP,953.3129116506944
TM9P8E165PNEL220,8213.690604283758
GG5E614PMHK6I8DJ,1925.0250573355552
MHOF7K7BL70RHBG0,1224.5549155434676
HB91H5PLR7O5P8MG,2098.504241622985
MJTEEHJ019EDRAB7,12.569490858788795
A434G769FOA3R4CH,8339.89350567471
6J46CKKKTQS45JAM,6864.940710231631
AR4GCBCAKFQ10AMH,1576.9665043961709
MPP1LELTRGIQ7645,79.49570468834176
JL0BD0SS0OE2C3OE,1034.1707716297292
4PG5B35NTKK1D3I6,519.9642626112429
58P07ABE5MFNMRCR,5438.736110160671
IDD43MI0BAD24495,4023.811249736272
Q62CGEGDOPT62DI3,249.7075478418003
01D40L6DEB1N33TT,19.454152653848794
O0FPSISSSIRO4PKP,197.31822462681976
ECH9RH256KP94NGR,189.01502099398485
ETRDJ2891284D0H7,577.8070945341406
JLJ30EST4IEFEET9,1774.8551775918174
ABJFO3BFKPJFDM7L,2105.772852630753
LTGJNE55S540ATA1,2937.7375787130873
M0RRC3FJDC84EIE9,3547.593845468208
S6G7I44AFCEH7CN0,2178.704128688471
KCPC776EGNH15TCE,4706.079212654914
3C4I35754O5PAOH6,218.76816035780914
ENTDICAQHDCNMTE0,331.8263695345083
70A5KGP00LTJ4N8M,143.5552851817218
EC8N03614ML28TM8,45.242546801207915
QD9EPLIDGFAEM0PH,8916.439683143544
S4N2CF6RICHT2SIO,6721.632192096347
TT7SIEG1HRQMME1Q,822.013453996794
KR4ST3OJFA4TK2N5,271.85138723765476
MQDCQCROM89BO5Q3,4561.596451389537
OPAECC8LM3FE7P44,1835.848659212338
MBC5R0I70KECDA5D,163.8614247096362
33L0K859FA139HT7,7010.1276165143045
E3JPKBKEF7IE88Q6,6312.123518983413
STRA23PBOHHI5AA4,3852.200621573004
B5PF45OS486RR55D,1908.371122349273
91RITMEL4SEFMHBD,6462.886856542622
T0IOPDJH9F9FD90L,371.32042713420805
A38L0LM6OGJ0S43J,2952.4873570230657
PS0T4BS13ST79ASQ,1629.8677822542681
M8OETO4C100AF64M,2159.1128172577446
KBQ8972HK54H2C39,1108.176688388159
NJQ1A0N80JRQS12M,35.752882089816126
O99I57N7A0P01RP0,1726.8187952193903
6ONMN7FPG5AA0DOB,658.4475532602565
L49H0DTC2L33GM4O,465.78644938119436
TP8JMP7QK3AQ14RI,1323.5450254623966
EO3M85QIOKGRE3BD,2016.0462160361153
6H9JGM0BQDR69E17,74.33020939134761
GCKT7JDAT0KGGD1K,3226.726819050697
2TOHLSNEEJSTDDJ1,3214.7160539534566
L4KA2T8171E0Q1RG,56.03436953864122
FO8KO7AQ80597717,2945.8517729526075
I6D546QDFGTPBG5S,2599.7320167444673
08639J6SR5C74917,1249.5125657635112
GL8K5F85DQSNHONJ,1279.9936919101099
9JIQH4C5JK5G6DEJ,144.5097043371755
E21NF787710CLISN,4052.1901501310413
357T16BQ5ITM06Q2,1092.0754649814817
HG9P9C1AFSTE2IDR,902.9742509313927
TJFBKGED5GOAACST,571.5572843441242
L0KR2E648S8EQO3T,316.618723870124
1JL5OJ7I17KT2784,3585.0345514945707
SJ68NKCHHI0O0K24,3478.190063079617
9TKD1AKLHB8AJ6PA,99.60351232104318
0GBL03M9RH2PLBM7,9780.352013461126
I59T91E3GB267T27,630.5956180018369
Q99I357TKJ8B0O18,2614.64743602548
SN5S8GF7ONNOH8AG,97.50619567727149
5D0TPHTDEHA55JSM,0.9525892541926118
233LN1QLBP80CKIA,2627.2518383591732
F1T255DC808A7AAS,177.71918581189087
8FBME0DH442FJCO9,2737.491980416989
6420TD7TG07EJ11R,11752.064552180496
PCRPCITJNK7SJH3O,258.59445707042664
SLHLLNBC1Q0RN3H8,4702.180869397262
R7FFF8N2N9G9PC58,2387.241412621514
80N4R193NEH2F05S,3472.1203518449397
9TI8MOHPAT858A2H,489.0823546855079
R5Q5GSGKJRHDQDAM,396.227987862913
5CSOC6ISNHF8FCT2,4578.821268963208
MGLD1STSJ6RR32OP,2463.5152878555327
8F50Q1ED3EMC5LMS,3468.8285712006073
0CEK97NTSG939JN3,10.426932650512873
GP27RSG1I4CNJTLB,7055.008903221175
LS2AFADB3RH85SF9,7054.657870862588
DOJHG61TO3QI5CL0,191.98420089778975
M6AIR5I2SK6PAG9L,443.2538094939445
ET06K5GDE72LAJRM,2219.214827927894
TLBT5A7DE07ODS8D,61.43435863024205
HDM8TF4DQOL7PN8M,3730.4828938717937
SG8K23HFSG03L5HD,7809.659160722856
F7DL8TDDAQE8L2SH,1713.9504849455311
Q9A6PGC1I0ECR8ES,5317.902809185529
O4LLD0121S3F0LS1,306.62467674642073
7EASAOPM5J2JP1QJ,63.12322406174239
53ETL4BKC9SGP85H,1640.3572314169246
A1E7N53448T3S3PQ,214.87360284860372
FT3F5HJK01IF96JC,198.84584912303097
10DC59G5T6SJGTLB,4292.115729743844
OQTLQM8J1S8REJ2E,145.1883312583737
7D28I9FO0C8TF6P7,384.42100071656625
G1ITJ4NE88J86MFT,316.2210729682885
21B8OT7JH5NRNDQ7,262.8745200086499
F1R3BDNFD1FR7F22,26.99113369033431
7G212SKQ9RIR70NI,7646.711772478763
HG5IFMFTM5M23DSS,2026.568205866325
0GE96G3RA0EN9F29,138.28993144882836
55AFNOSTM7829AK9,108.3757100787417
MJJIM55N7MLH1F7P,4478.37103560252
T4E3O2I30C6JCFAA,1501.9520480286874
G7D4EPRLB34QG45D,4753.702728716567
C700O0BE69MCIN5H,2271.4227344344727
87K32F2FCPIE9934,131.76395393040767
TTB2JBGCE21F9OGH,1890.8543951704303
GHABPAL80ML288O0,2019.5297371467566
TG7H4DDIKKR05IB2,441.7031883126452
GOEP7G2CNGL23AJR,232.9252226045875
2GIQ077RC5D5J0NE,1106.4616434674926
9A75B7P90BL5TB5Q,262.7336099999864
4PL363D5FHE15SO3,3.956987416836636
5PEK8FB0IHR1M62T,69.04360204895384
EGHDB6NFR6GKI7PC,12889.174779128825
B2NPTMS6FGK134PP,139.49961244038894
JK81KHO5RM5BLQ6K,6.494318156257771
T9HTH65SIM9NFCE9,7873.653323298809
K6AHPS2GJ7ELI4KJ,42.44646331538012
01250ADN9H8O9CLH,2333.824477882143
OSELQT44TPTTT316,2898.1631424151674
CJBL9GH7GEOLG0PO,93.21193980585728
9RCK616QB6LAECA8,2033.433167519553
0FCF1ISL1DAF5AHO,5983.919738454461
CLQ0QC8375CCFJGT,2116.58171077079
IBC69QO8ARDEIRA3,781.0987289395221
R31EK6OCRBLC3J0R,766.1361037756832
J5MD0S0JN8GFCSSP,3346.640913319218
AES1KP7K31K6BBB9,5279.867556383994
R2BPPAR3IN3AB6QE,4525.046125048851
6RGRNDKNPIJEAID6,1842.110339716783
339NN4QBF2NCOH8K,1870.8402233532229
HS4PN1GAOPBSFQLC,6982.562706238858
OJ147QIN3C3BS0GH,102.4869040416378
O7NPI8RT02MR8O8L,338.08928236081704
KIIM48O5F8RFIS7B,1548.36680404129
6I3H0EOI6O5B60LR,254.97049835129187
N6185NE3RJM003BH,1230.267714729958
SO8JK3PR00AQE65G,291.33790056775433
92P67ICTKBTFHOOJ,646.669521539101
Q8K2ESDQR2LFJ88T,3219.604812789759
4F3AMLP4KMEHB1FA,4983.537137722609
4QIH6FRD3204R5HE,1123.716213237095
JT60NTPN163A1DNF,919.249571416309
4NFEEIM7NM583IGH,6775.656393700581
M982EIN3FR77QK9B,513.3422111833529
66MLNIOMDL64AR3L,24.812297709570647
808E8IINMIDP8L28,4154.986274556415
B8E2FR8RKHH99IGJ,552.3141929767162
L0BS4119IE6SLRR9,2866.068054289271
TG3DT0A4HH47MCJH,1777.8772500066273
DBJND51HBFKTDKRE,3511.1012934250534
LQ3DT8DNACK6QD6L,39.37696322674511
44E28K12K80BCKGH,49.39602946607002
BD2O3JH2KIDHGQ9H,57.652541045250246
BACJ22B5F9JN24NJ,323.0591086578445
DEGB5BCNB5M5M27O,917.2601187291725
D5PTMML4ID34KMP8,116.2185567165699
31T6FESFAGNLNHN2,2204.178985845321
9671O6OD4M82RKQ7,3607.9126591525755
NM357OPNOROHGARC,384.4988448501906
6GG93D8S6854M999,2585.581930081939
J4MB0BEGL92J1R7N,4828.078609894544
ON1N05K8AT756DO7,808.5878154176228
7KN8Q95HKG6D3B2F,125.5196174705269
P000JQ593EGP6OIM,195.4073684954136
OOA55POM9JTKJTOH,101.22013626100006
RG9NG9PHOJHQLRLD,87.37683192135724
1AFECPN4DIGKHASE,428.0904090879457
MIDGQ11FBK0S8SQA,6524.944424716724
B81FEI1BJPQ2ID31,3034.5810398335557
9H0M53IOSJ49R744,71.77108617234708
9GD6RI2MSLFMCIA9,5636.64052583195
AOMPFPSM3LGNEL8A,2721.194737930226
L4PNFKRP9PPI3S4T,733.5795410086009
INN0S489239CF6AN,797.2649671391158
H4ESNMEHH4IMJ57Q,2004.6585480322144
RFB6519SE8NJ0JRT,1788.692797868091
KEAG4CLDPD62MEQL,1464.4824859366493
PO3LC0Q4T7S7LN9K,111.8095798537
EHMNI9EFFS7OCFOO,7413.01323301769
M0I357JAA15F417E,6215.252911023363
QM2B41O327BNM8MS,156.36067920607422
RSKDRBC6SG8OB94Q,2902.790703315288
5C0IJ7JHTCJ5KFFP,473.62392544048714
NI1NEQO8GFDP8ICP,111.42042973547751
7D2OSDJ3HMCCE7G2,4196.962095494591
O5SLQ6B521R0FLPG,1702.821299286254
20GK0SBKOJ9NHFCF,314.9953278258644
221L5TE4EKHF6G7R,12078.767662833701
GPHC0N1LGOMOC6BA,4605.571897684906
04HAJ9TA1QIA4DAL,351.67486532579204
TDDM9IN219AD731C,198.63456321156957
D3POAP7L89SO1ADL,5191.233108694423
GP67RG7DMH05MB9T,263.4419706577884
A3IDFQ2NI9RFGS6K,4572.134490477583
AP5RH206L9D694JI,5250.00642899526
22N5S12CLO8T1PP0,185.1654784135658
HP34RRPLFE3A2M8M,5047.164726783423
KGTO8BJ194H9OMK4,7090.046004310553
82BL3R6OQEPALE8R,3979.698119963876
QFBH398G8F8FA4R9,36.6924734251604
5BOTNK5GKL2LL72R,5437.058346103564
KS6SJODDA6QQPM4L,3760.489969858221
MALIAQ24HJ8GRNDG,6194.417471687885
459ALMPB9I2AORD5,559.0214232736042
A8GKK05RC3P6E8TS,375.614292550005
NREGKJP622LHLMCM,954.5122006796022
MDFQ80NKJAB06PS5,134.4259595880246
LJDLT6J6H44SP79B,9876.06206666733
J0OQTFDGOBCCAI1F,2576.088788895232
61PLMNAJB3K3KPGT,3352.3428082659
LCSED2LO6JB8SCD9,1423.484065461429
MHKMJOTC6G8O7A9J,4249.682746074297
8PL09L8KFKA4TTPQ,2245.859939290977
61MDAAM2RI2JEQ2B,4898.712552246173
B2GCL5184DD34KN0,406.7172870268337
RA3LOJSI10J5I733,68.5134616243805
FITN6JPLJ1QP06CL,2959.867794443436
PKSI9273T7F093LC,1230.3654799753995
FRNPP6IMNLHGE5R1,3033.218918303979
OC1AMQAGLC60P9BL,4467.268801428413
B13E1MCACPN6STFQ,593.61380379256
O5654SIS7RNFM78S,6224.065109165837
CI8AD1E8KI84DSCM,181.45052291140505
LPF8KACK62CMB5SG,3227.3383387742188
C0HMB321PS17I17A,1071.5386439426595
O58ACT6DPI0TJAPP,203.89370260575095
PN3H5CPCC4CBLRD2,2063.6374770336383
FPM5PMCLN8I2Q803,61.08980447872844
JFKMI72GPGM7AHRH,5869.0463574751575
CAOS1OR0H2RA3IGT,4275.106783104821
231QJ6E8BDR24QEK,243.7503148339384
T13ODJ44B7GH4B9D,3380.7124142264743
9N5J6QJDJMOSNJI1,1342.5592026274992
158I99N7R3MB5AGM,2196.9146292454425
KM2I4DMP450AF2AL,134.93400775035758
O63468ILLC5785IQ,1108.2704335862957
9SCSM7ACPR88LRSM,1010.153623180642
EL3T70K04F0CAQD6,6904.850007913651
MQCR0J2HFHDERQ72,1203.1579999994335
24T7F8CK83O15M1O,5719.706983313694
ESKOBDP2MG1P0TM7,1278.0751026954954
5CS476L066I6LRM5,603.5463925459959
CQ5N1GHO5HAF9AC1,105.89118131073064
9F7OM8TN2IETGE2N,653.4229890614492
52DH4ERFTD8CQD7F,6980.85088700342
86R56B0NDSH0E5C5,90.63285416498515
698JR9RIE1CAG5BC,2049.6798955940726
R4FSDQI1GK52OGSQ,4138.681547228308
4NG8L0MESAO5QQ14,1791.0427175458037
DPKIOPB4BI1HNOD6,189.50626001743944
M5LQORCRTE4LEGMT,1443.1617767505659
5P7AJIRR46KGGLJ4,141.70832893274266
KHO285ME63KE4I2Q,2064.013967175351
F7MCM6GSSD5PAG3R,445.8342014576717
CH5943LKCSKJP9I5,4670.232656750391
M76CEIA5FS0FC92M,98.35976063835062
5MQO5K3QK8NR3HB1,974.0796748055328
EPB5FK3LHPR4O25M,710.1640958902917
6GJM6SJDA1E1NF5M,6634.920732377351
DTO6FGKBK4FN1LLO,28.669530798775096
HEEF207RFNQ03RRN,889.6501121730453
T2KGGB0J5P99T7EH,1060.5408009060664
HMRQGB5M81AAS1AL,76.83759551118158
7BE0QE11GOPFHRPG,29.659097324111887
FO4AQBFFIR1LH7HL,6981.795546312977
NFS9OQNGENC03LJ4,2892.292082353713
2BMD9TPNCFG8PKFB,388.4171050664399
G7B932NKLKTFL186,572.7230319253191
L77QH8KI3AMHKTI4,3262.1915910048997
8NS0LQ7MRPP6O858,2028.4860404626593
O9M4ED32KMRHHTTP,9665.359869879476
ORPIBCDC8FNSR08E,2976.240819545994
S45L4MRGKDG9G5P6,1930.7008427169085
0F1JDM2PC6ILL3MA,239.55965810011514
KSMPHQJSL26JLBBP,26.270714083858433
4I8REHPINS8MF5ED,184.84469169005195
LDNBT1FCT55FHOHG,82.59020990609739
73TS6P3ARN81C9NG,15.23830169957192
TCJM0DK3SBKAOC0Q,2127.6336144647225
5P3K7T7F1SO0NQBB,1804.3033099069514
ETAL4PSR5H0Q40AQ,1097.5663359190453
NG5BHLH2NA107TEO,3460.4448853006998
9T7EI2TMSP7I8KSQ,8361.208506940058
6209DCJT0T14DMJI,5.08507751319786
TTDBTG97RIJ43009,452.11424973112685
TLGBM1S84QM7BC3S,2181.752313282356
APP6M5MKR29AQ9ND,1008.0806984628305
SB402MT6F90J8R2H,49.23637891435776
3TLTA7ITAREDB3HI,9319.647954579124
C0R848OF124QD6H4,146.4377167815258
5Q6PMED0I808HOL6,1031.8963852519994
2BO8RJF1HI82RDAR,6295.264095696543
90SE0ECGRF8Q7CL1,1054.3814986439415
CPH0GG0AMF8P1T7E,3451.375341032532
3D9KJQPQTDKNOAGB,769.9059847572389
2PELJ93S6NJ086AR,6284.579265147372
1LOPKCHQJCDG4MC8,263.47215689161845
OI2RGS0OKDPKMETJ,6050.999127838122
RIRD1Q1DL6TAQTMK,63.92640951138634
OJ04FRJAS6TM46EJ,66.75597916699338
JLT66Q04E9ATQOHO,5897.722956861389
9Q63M16RHTHRSSNT,2453.5775740472686
R2IBDBMF2SLL6C6P,1068.9480854405685
I3POOROE1273SRS0,1490.8334940737786
MBO761GE4R8GQMST,297.3501027670333
N0HTJGCHRIO2ICCA,4198.862861100844
PCH3K6H41B0C4T1L,267.68393364819303
FOMICIMM524LG3TB,2257.707370772252
E3ATLN5O1IL61QK2,772.3253046809748
CAT2BJMIE8SOMC1R,217.66594644704247
0HOPM80RP9ST99GQ,208.53638564284844
0KNIJ61BA5753THH,126.77862286898221
H9NC52A3EK134F4E,3689.8409776247227
8HID6INGR9TSTELK,143.34768927290634
FELPPPHPLH69J9P1,3378.019462172699
DD6OLRT419OL255R,7947.569222552778
OA37B695ND1NAE2R,1235.344219859358
CEQQI8S0GOHC6KC3,2546.3134092372547
OB1ECBRIE0GT15J4,3993.3727781195507
C1DFPO91Q6QTJEEO,37.425639295655294
0SEH7F4LQT0ED6J8,3121.4164415599935
MN3KS00927GER5M8,206.63180166482067
E1E3L9R72SMO0RJ4,4090.8316252948403
R16SJD26NQSDOPIR,6403.347782596469
H6F25DJJLDDJKBI5,6325.285017236218
943IKRQP2IDOL3B7,7358.271390796307
3401Q0PIBANDEI4C,14234.020832062253
BP57JT3IIQ5239KO,9.239299848882473
HR8NRSCT2DQCNL5S,33.11548371239942
F94355A8J5S793CO,88.43792924274643
45CNE0JKNLN5RC3I,324.97996839914566
E64K8P3AH70AIHM0,21.68275608740181
46BD0D8QFQTF6G98,5747.176833924552
0SGM5D0PHC9TEC99,52.442741522207626
BMB6AS3AMOIERDTN,1152.7683004729004
AGK03KMPMHIANT31,4162.394192905931
H6HENHB78RCFGM38,702.3001492180459
ACA9GDQNF5AFD2Q0,1967.8288320022039
O54SL55IPTPAGBFJ,201.39086533592473
AC5T7NDFFCOKQK4G,2985.675735564486
84REM9SLGTGJ5KOF,5628.997990488615
C2K48I36Q4FT1MS9,241.50647262586293
0I5EOJ697D87PAAL,755.4713180294484
S88IL1TA22JH5T7A,837.0681499422692
KINKCGJ3M23DD9R2,811.1622402496087
5AENT1MEQ6ETTISN,1724.899167547267
7CEFCE8IF9IMDIQH,3365.1038735506163
063MPT719IBI94MM,4175.242648440789
KES22F37AO0OIF5R,929.7283684785928
N45EIG52J2A92OI4,221.6502419204802
2BMDLKP17M0S61QJ,1803.4566925288432
421B6DJS6G1RRB10,88.16627818606575
KMAETS8N348TOBAN,3692.572964346543
2RLGAJTGH73MFDAP,164.7675006344988
D6TMI44R9LD00ST4,356.9900222811409
3QQCLTFNG9SF51CS,2319.817501356798
42TE04C83J21A8H3,1124.212708760369
8MORFQR8L7SK9NOG,3883.6284146022185
S1LLBF9OT6T0RJKK,9887.688347946243
58MQFECQ0RBI5ENK,4848.640542783282
APFJADH4G33HIDA1,5853.677415983494
MB8LECQ57LTPR0QL,100.15532998649093
K2K3E6O973O730BL,6937.468994147802
5KKNJIJLHMDB4QCK,327.97358826322005
4JBECFHQBIL4EKTB,805.1899477126814
OA16FCG3ASR39KEM,181.01027137230045
KIHL4D7O7DL51PKF,625.6206927377219
SG2HQ9J5PFBPHIO0,160.03249201894448
1TTQOFPM3JENLQTJ,9637.197643678315
LEK5T0NP6TGNLHAN,12225.743035622754
FFE0HFO16EGT5TI3,189.1452948590526
N3AJKR3MDEFN0M2M,5427.532083614898
KJ7BTF2F56DQ1T8D,1374.8428255382057
AR8BIJ893PKA95GO,2890.295094385022
IA51LF9BD7TPMJ3B,2686.6984778777023
T4SKE38QKKR5BF82,180.1874051913908
P259I124LDGI2HR5,150.98732609722782
DQA1H73HOBJTBA2H,75.43813552233513
DT0JEJHQ1FD6H5J6,202.56064412210276
CR4T2TBJJ1SI39GI,55.21032729462891
2TL4DREO6N0H82KT,624.6214297589319
3EJMO389BPTR64ON,154.4091677332583
EH1BP0D3TE1A1098,1969.0006780025644
0AFJO243L3L5FM9B,2474.27613316533
HM8QBTE0O0QECAS9,15933.746993282557
DPA99NJNGSDLG07C,110.31381302080896
19B5J5CNTEORL3H3,2279.6419068620303
6C9MJBEOBTORFIRI,2105.8193963164767
85H0L3K9FQA26QG7,2008.9575764901117
SHKQD0IOOBN4CGFN,13249.847318052323
3GP2O9CC7AJIEAPC,1236.5309225189542
441KF2J688N5GQ6N,26.652245720308688
MBS7QQAE510AF4T0,24.85923444114186
9DED9MDT8GOFP6KO,80.09484315321208
G2NCO6PST2AE77OH,5833.721169566237
TJ60N0P0FDCDEA4E,7137.169048869222
4P7GTP528EMNTQEI,553.669499566092
N18GTDD6429BFKHD,94.10437798082778
7G067H3FTHGIDA8T,4.475187255726557
I0EIT15EBCAPKE19,8460.333900571026
QOMQ60I7IBKCHF5E,2774.80404553372
01HG044MB40QIQ3T,43.894854728893684
P832LCT9CCE3NDB9,74.18131668826726
P4KIAR3IT2I1TQ3M,24.140424797506657
BOE27LANL31G186Q,1126.1289740688435
S7AQP51R6K0T0BA5,12619.090874199395
0M6I2N6F9I5GI6JG,4649.09778779173
MF4TLH1CAO035BKL,93.78449133363785
AQK3OTA3NCTHQ3S5,4428.328044997058
3B29150QR9SKI7CE,1249.186480497344
QE661G39IL85H1JK,75.24359402879014
G27HIQ4Q0R9H3J31,32.99841650249727
85QPJJK5BR6H5ONT,5339.367084367364
M7FMFL3REH0I6DE7,224.42539801708128
S9G92R9O0B8MJAE1,9260.678533520655
93IJJ8K92RM2OHLQ,1843.486714946857
8I6FITL5J7S636J3,3625.0296755333834
3MSSD9RSGEQ0OD69,410.8726856698716
8LS5SNSKO1F6BM6T,7466.661675296296
LMF8MCF19916F9FG,529.6524756180609
4PH5K5LR41TLMP00,2453.457001386672
PENPJNDN640A03CF,14488.559217717253
0LOIQQOD78MSIODD,2994.979296055883
198D3BBT852FRTK9,914.8171285986923
I2N40QCQSLI7AKHP,6180.174499383237
NEI6HGAGQTFTFIB5,4713.378842708086
FP5QDNJ3C9EG6S7I,610.3236603353245
N3S6NM082ESSL11N,9830.981879407575
M92GSEMRO3PNNT3N,4987.964500002035
K8STBKCGB20AMTLL,8167.025099110555
5P110TR46MIE8871,4982.331308469489
MBBGT7RMKDNDQERF,1410.6283993503741
3MQKM6I09CPHKICD,10888.686396099527
HNQTT5NECLDDB68P,94.69681924025879
9HEEP9748KSCIFG0,5499.537601285648
BKG9800JFLQJJTRP,3678.2480196795004
QHS1JMJEK7O3S5RQ,2764.9777507682766
NF91BK3STHGNCJKL,206.0924794061475
LRCNH624O01QJM2C,4879.14722865876
7MKLBQTF8RPKL7E2,249.3849054206654
39AEFH7N1CKHDQOJ,4410.6841988275755
CQF4CMLL7BOBKLA7,117.81949715156087
761FOKPNG6AJ2R2C,182.3296379914986
B9NLMS5993SOOD77,1363.6581302794023
DP8NS0DD1KDLNPCF,14468.26691658307
B0CM1HQFE65973RC,5934.851401792385
8J2TII36KI8SPSO9,30.657438755931523
6QN1E4EMN1P6TMDR,366.2200110649243
68703M8444I4CNBJ,3560.269419327742
G057I7TH5JK2NEHB,1765.14292236049
QQD0R497D5FN3O2Q,2588.342036551781
JM4N1JCRQI5PL8A7,466.1241300892556
LTGQ67BBOQNP7A6J,1707.4220042035129
KIF10JSBDR8GMRT7,13.166757892694697
2B2Q5F95OBN5JC7C,4251.201841165442
DQGRTDBEQS8ES6TG,106.91552464751537
NQIBB0BCOGIO71QI,338.09846855173265
BSNKEN816BJKPTOO,260.31804930308516
T4785KGAMPQEH6KI,1622.8756771807234
CKGC9B6TEGEC0MHL,4003.843826294529
Q33C9ETJ11M8JOMH,3.5090882544807345
66BTARSH0FESNG6I,116.95598389719657
7J0C0CPJF4ML8ASA,4782.761361051374
BNKPQSDNCERTS7KS,11264.35735797375
CEFS31F1S4GHSR0C,155.8913650185369
B2TD955R83K1TKC6,201.88445608305747
QTT38HLT9I4CLSB2,50.181295113085135
CRDCI6198QQ8DCAI,1995.7244585168971
S8GF9GEA8SM5214B,69.69220729589024
11SRGJCE1CQ3TC10,443.48587906588875
JKSFNT02H80R4L5C,189.49559923763022
H47AH7T26D0RN7A2,1287.999700088335
RJHOSDC70GTL9M5H,929.3436876455909
CDG01QQ7K784COS6,82.46771915700279
HRS1782KH4NL9LCA,75.70401717870034
GQBMSSEODDEMQ1K4,7134.75901740662
PLCPB8MOD6M1K1DN,4878.275446740864
14Q6S22ENGDIHA1L,10573.26583023065
B6CSL3J5SIN5GKF3,46.04246245509746
TAFF925GA5T7PEGP,399.76279904216256
L9MSMHM49OB30995,3090.927864409916
PQ4HNT5T42EHJC9K,171.00531919512997
CDM47GLB90K1DGC6,218.23133260125547
LH55OBIOT2N7EGHR,7139.279153942971
4G783E2PPTN73A0B,23.474225442638012
Q0F6PILP6Q29JCM0,3042.985794437205
48H3ESD87ON37N38,151.77540181509266
BBHCT56KJGD4S0LR,2869.9750667791054
9PMJ4CBE5J7CNERN,2057.6820731870143
BIQ0QR4ETMO0BEGC,1465.233950089016
HJ4DQQAL27COT9GK,5845.253378390522
OOF02CF3E6BO0OIR,4897.4629568730625
EE6919NSTCCF4OGA,105.40398327117501
S6BHDADLL1LFO6JR,1712.3379534672918
B6SALP6I514DMKF3,12984.201816863007
9MTNMR26B26ST162,81.31677403051026
S7SNQE03P9B0MTHK,4791.188597303471
ARD1K2MIHS1KTM2D,1694.2772107789726
BN7T57PE3QEM40CQ,4562.151187021056
4DLQG70OPO3A443T,6693.2705987218715
JC6J7TCPNARCA3DN,95.69517357567821
PNC6TIPMQRBS6FQB,3814.1689368230814
982LHA1I5MBFSDGE,26.496378225212627
NH237TR6MHBHNOCR,3608.816103070038
4RCM7AM60J227M16,101.25493326823432
CJCEK01KSDIJ047M,132.79909921310488
7G20SEL9I19M91DT,157.01445311024634
K6FS43A9D3LDAO8E,229.40825494214002
BL4BG9J2O77TC50G,6081.558870723142
6K66324LAN2FM2F5,684.2740866659452
8SSCDTO2LDBHGP05,834.8702455714948
31EIC3QTRQK7FI2I,60.106289067724205
AL8PK3KQIG6TA76T,6.463925133291014
SSDRG5LG7BSO6EGP,6453.704156884783
1B5GDC3794PSFFOJ,171.129871711029
GR3MQ52DSRECQHC1,4760.731899446259
TQQ6INR1DL68N4ET,3854.6522341377554
K31C5CDHRIRAOI25,142.73736222410412
ISN5DA2T9BM2DG81,118.18685995471942
PS8M8OTDAIK811AT,2013.776682378956
O81ON6CK5AMGCI6C,1641.4935958007682
54T3T99M38DQCS0A,1.9649853197461296
Q2A8SECECJEGI1NL,293.03311950944436
15NA7607Q0P0B00H,14.316605079532675
44K59E4C3DMJ0RAN,557.5937250590563
1HO0MGMMB9IB15DQ,2650.8664004666775
F58F8FSN073TRTKT,1639.0609031099
LHK08DPNSJC7A2QA,7305.352319085749
625G6QGCPJJKLC6N,503.7625038257366
CDSO9I37RLHABTO0,372.8613573134889
Q78GCP6249HOQ6HG,763.428598636405
SOATPKC3HHRORTRE,648.0491690914696
6I9CNH9T9P1ID6JS,789.9344319404498
H6GOT8N5C65FRFP9,956.9397263192794
GSSD8LEAACRGAA8M,11404.899979699137
CJSKQBBMQMOLP3T7,3572.49631876453
HDDAM131NDCTEE02,716.4076198170948
OEBOHK8SJ6Q8PNIQ,2895.883028115043
A7NCBKJP2D2GGR2N,665.2975754484198
B57JT0L0NIM7LIDP,64.14721460859572
LBKQ86303M6KT89J,279.09742527774483
PD7PNKQ7FCM7IR3G,193.76946969356933
H4R9O6HFB62S7DE9,18.086213456352912
LO5FQD35NNF6GT2A,1556.8177404418996
NJI7F0BS2COB00LK,173.97749516107854
GEBN4DJI506QJLD0,1531.3229154856954
IEB8ATICPODE18B3,12223.43963969514
ED5T8DKHQDRSCKQ7,3196.761961234021
5T4AKJHR1O8AL0GL,1076.9120300039322
OBPD40FI56KS29IB,138.91776550962823
R60OG7LQ14AJEJ8K,3727.9966508098155
TSB3QL9IEIJK85CP,607.8066566704424
8N3QOEBFBFBDPKO5,2302.878601419887
T5Q43N5PP4NS9J82,8594.9062586921
QK9CPKIGAD5MCDTK,10134.331315264573
Q9QMPAGLF7GKLP3A,2406.727341924256
12FL92J9NBN5EG7A,624.0875516025069
OS96HS9MCJNP5HHO,62.23299240432884
OMTBAG3F14BL2EL4,993.0593921057017
F1KQGHLN9GBHAF0P,3388.58286839208
EPI5127EJTHNRP1J,383.20418960310764
BPM5MFP836AR35KE,195.70767766439465
S2H604JJG502EROB,270.27970401660775
8JDH6F6NF7056KRK,1090.471747817499
EJ283B3E917KCR5L,150.89109520992548
4AICN97BQ9B565QO,3868.9052207819914
SOIN2T60N1AIFFIF,1570.805448836965
85CNHSEHCOSROR2H,62.50106907045479
GR976OK06CQHIDE4,510.03566473075756
8K86M8H1L9C47AF7,1610.5284425151915
QQ558Q101O04NCOO,1415.3147402946468
0QN0BQ4TNFLQ6EQ8,5501.209548264191
3PDSF1621LLTBGO0,23.41242265729498
TN4BLNDNTGH1G8PO,4665.562923084477
9SBT98K4N40SQ5AQ,5663.823379128669
RPKMHCMI960887MF,83.64420125597502
0GJDLEF7B9K5BC3G,403.29288566363994
PNQLJFEMQONFAOFS,225.86355073988622
BOB4FLPIL0QPALJB,5343.4773397945555
AN485COR7LN6AD2L,6360.148492083311
7M10I6O43RL6NOTF,1519.2368710712742
IBMC420IB5MDEKOH,101.93540996545698
OHQ6QD7F7DBBTTB6,1231.9632573838092
LG5D4IAQLB44J8QL,6270.512542330744
D3F5303JINO3GOS7,23.255728739377627
6H0ARGB62C0PRCOG,9127.561597500287
LGLOTKSCTEMB6P49,2993.819176696146
P8OD4I7O48IIT075,5034.48111811944
EPH63HDJOF4OEI7A,2164.997386734182
OSE54487LKK785N7,415.77735732835123
CM86GGDEM847POP0,3742.4023267970315
9A37DQL75EOJCAP9,8804.941922458056
B9LG8M40F4MN9T2O,2398.8910702114867
REAMHFMQHPAKKG2H,628.2343338769005
3AL4OPR9E50I5N45,81.39190697857146
EA97G6JB53JJ9ORP,92.65211083594792
303BLQEAIAK047RO,850.8310842636891
334D4CK076OP4N96,5245.769858070044
4E3P3T2DIC15JO4F,141.36988092421603
CBNS13FEBPD22GEF,62.80661096455218
SSO6LHSCQEPF1LDE,1711.4842181514798
DR4C8AI9TA2SHGTA,74.5415294305401
8PBLA7COQOC1C3NK,9300.0384024386
K2D5B8ODHJOBFBKJ,2380.166836913712
6LRPH7NSL1E9T859,4187.375742517341
JSAAM10Q9BG68TSC,2910.8217717782522
EQ4CEIIS5EEA9KPK,2761.3387503742756
2ECN14ICLN4SFI87,35.463187416724814
R8LJ9BH6948LBSKT,854.524709955693
M2DD5D1B45BF2Q34,3413.620469146093
E4D6ATS14GMDSJEP,28.49038996017067
LQTCFF03F5B3GDAG,10.184881067782085
J5G68005M1SMA0M2,6762.327202723559
8JARER47CCQOQCIS,168.77576506018283
LCRQFABOT6PBF3BF,7.111424090176623
4MHL820B2ORS4JEL,7567.243108571341
KH89RFPTP6DQAAEM,96.65967435866067
SBCM35F4B45NB7CO,3860.3412900449334
K2HPN1OI1TNR62O8,437.3424610784038
KOK82KBJ5LK34BR5,945.8857824234292
CTE9M3LO89QSCRIA,1289.0923191551606
G510FGLA6BEL9PHM,3599.946951599266
Q898FJACSPP4CEFS,2067.337874538529
4HJD2O6LEGS1OSFF,154.42419009178198
9CRA2J6NJ7RNAMB9,39.50998089269924
E857DC0S7NLHMLOS,2953.371103479929
D05DPQC3295794B0,722.5554967670589
DFFBMCE2QPBSACIF,923.9040352513174
G2E566N7M58FL52C,1593.0649326550365
564CFJH0GHFK6DN0,1263.8364062721337
G3N4E9MOHOB882AN,3621.0318700116986
G7M8I7Q6P5A2G32F,5866.008967633884
QA7PAMOIO9EIAE8J,281.9610731002849
6DMB9A1BO321CSHI,2062.092423009957
N1SQJE4G8GDH7S61,20192.952515895548
2F5TORIJE38FT0A9,2170.5749919650466
EA8CTL9IPKNJK964,1636.5545369077329
EQK4JLRGAFQFI888,67.17274381324137
FC0BOEI2GI2JMBGT,13.271998253972475
6JC963NATIPJLL82,957.544610894875
2A958ADDQFE33I9T,3996.3723426442652
N9OBEKGHOO54RIN1,3264.6737725123285
ID5KC0NHFKP3MM07,8855.451240637629
FOJTREK09NJO2OON,42.030576806752784
QNM493M86HL94MFT,137.98781421127234
ROCG43OA921P4HOM,1448.254271257068
90GS6A43NPOH6KBJ,748.0094914859019
0QRF0M1L9OMT7CNH,992.9222825482298
94RNE0JEKFMQR9G2,11.593858919159741
QOJNDMTA98D50J4I,262.54965448331546
ESSG99IS9NDRKC4L,1634.605113687879
K3DGE19E3CGRN8AI,324.66928336242444
BISLO11SN6NT0DGG,70.69372755152533
D1MCMQOCI3A69KPC,75.18133318006089
7A22R01AFMFF0HJP,4152.767193337465
7036080SN589BLMD,88.96775245495004
ERT6RSDPQ14K6OQM,2516.2068385768207
1PIK0IE9JCBLJMSN,2269.7599633837494
0OSKOGI7OL3D748K,262.6712053241712
PFJ4AP21MPQGM9DS,2243.6092336082497
SPJRAFEG7DIJCQRP,7240.964646318296
28GF1GR3MEODBJ07,6737.077474341923
23N77S8PHTJJ7AJ8,82.9168516547949
BQMF75J17RPNQPHF,25.114938857683985
R05B78D5DSD1AQ5G,3656.4696894760996
4656G0ANM997I365,9295.656636500527
SB76I03CP2S6NSBE,442.7945729373136
EMD9SPH0K6DHP936,1729.1448774394185
KR79O270DBHNQTSQ,173.36756000113644
7COJE2B8ITLMPNOD,1378.2788636962523
G1C5LI69TDPLG6S0,8825.918506153994
BRI58H4NOR6A8QCD,4442.678896034363
T0H61HT3A06J51G7,4075.5768175177595
57H72382Q727QTCH,5.682225194673966
708BD5Q11LJD0S4T,342.1097540303262
AF6KICSCINQO6152,17.835347103440224
NMHQLB4T90LS73EG,313.4585252774762
308DCN2FJN8EDHCR,46.448670973772565
IC77SENGT2SFLJP3,5942.361252719789
BD3KMP37J6BC9P9D,2132.9481684693396
JATEJNE29J0L2H4S,3168.549012466583
2E3KEPDRFPA17RET,128.51076907740807
0D3HB3GA10FD6H9G,96.60574668721824
BLC1INF1KND9K94L,1154.7037946664996
13NK37DS2RROC1ES,374.3976775279884
06MJMO791GMB6Q41,848.247904540998
2FDCLFRK0HJS8QTB,2053.5341576047394
R3QS4GDHTIF2OSE0,1334.6885313117393
EO7Q12MM6KS8C8RA,341.8669573058037
C3GGPB9G0SG4TGBQ,406.6212760640429
PNHR8RL0GLGH3LGN,2018.5102985991343
I93IS0QTO39Q1RIC,3109.4240111793697
O9RDQBP5TD9FIRL1,8715.186906200797
BSB8NTTK06TMHSAA,102.64473678527685
5GII903G1JGR434P,2216.566881996224
M3ARGSFJ71018P24,516.9980904145337
RGHNJKO5QAN4QLOQ,1721.2499665904809
851PD431MGGLOLHD,18494.35111330098
8863D882GS3JD7O0,5602.0792336506365
AR7P6J1HK4GJKJ3L,3079.0339842827325
D7357S88DDOJQBSG,234.60195981699158
5QQ4Q016R6NMC3BO,4055.824855255116
DCP16E9I72187GHP,2393.1959712045805
SP7Q88OSR85IN4NH,9201.278856071376
J7ETFG14IE6A2BIR,2801.4100350798626
6K2R5ND9MC59OE0D,905.8633428495817
S1Q8EFO38RJP1RG8,2926.6625635313485
S76FS18BDGK1PC7S,3420.888886465061
9H128MB9KAEDPPAG,10492.84149996092
GKTHNITTJO60PM5R,134.68949921739932
5IQJCQP6252D5STP,89.56515940120627
RRNADFB23CEK3EL4,4398.119794711012
6BM80OCROFCMQR24,15697.816962648614
0N83TC3BREHK0LRO,4766.549746744691
TNE0QIBP1G8N5HGD,1128.795025610401
G7JF9P3416DHNKFO,1432.3777519385865
7RF4FK1EF83FH1T6,491.2781617873069
ET8D1C00A2LPTBKA,1785.9646068729808
6HHKQIR5Q2Q3QQMF,1419.9642403374155
87E8G855PRLO83M4,4204.451395696675
7BTJK0PN6PCS86GQ,5.904906087370568
4EM05NO70GA7QP2F,307.8896358244563
1AK58H3MDM4GEHIA,5365.901862817677
5E8H7OSF413LA2E0,1619.467533374084
LCDL87ISTJGGJ785,453.8046817857282
IFTCKHQ74508BB6O,1001.3890071934774
7K3OQ59E54H1RRI3,25.94534011060929
E54INP46O1DM3E5J,289.0333218140319
H57GGH81JLBHFKRA,3701.7940071256858
J15A4LAF72HDAD0I,1001.1042887279893
PDIM22RJNB61C8AI,5124.5769334980705
2CQ69D85ET18M586,55.54094717217081
I1NQ1APP579C77CL,46.08343089425494
D51OGQ93AQR80G9K,52.12635216389271
QM5H2FO0C9B96SO0,194.39979456774483
9QO3HG33KHAN8KNC,88.79392605859803
31AG29GK235N5B7T,184.71553222149026
0674FBE3GG9EF5A9,6975.814569265497
JCHKH5K1BEJ83IO8,6010.955984457117
0GS4DTJ545AJC5P2,961.4446568575007
JR2PR8DCAKF1044C,120.74737932969475
DHTCG80HMN9284O3,3101.622157329484
PDQ5N77RGIC1K3O2,399.397325288606
RI9P6KMBSRKQ1FIH,36.51068926574565
CKMI4JMS0B931N38,128.07353210287982
50BNLH33TP19IQBG,2744.1933812706475
8GJGFTAR5DF3FDGP,5622.309042569059
9F1I6ADGSKQ8G79M,840.7068740549108
IG9DIPQRDTOI9BPH,933.2955218295841
PLE3PSKLG2IT3H3T,538.5074812580292
F85JRTPECOJ9396L,70.33806268533552
PS2CMKSI9FJ3FIP0,791.1650900402477
8EJJFI1FN4PS9AJL,49.72612811068725
02CBLI3E9KQGKNFR,3117.4464854293255
QKFSI9EEEEC3R00F,6577.006275941471
I33K2RMCFNN7JEC2,2445.920670996349
SRN1333JA3AN1QQK,2488.155284151794
O8RFDDAON90MD79F,684.6334714869143
1RGGOEENCGEQSTL2,858.7832983316329
537I074DQ8ETSDEC,289.37273585057005
0401QB9BCDIOMBNG,198.02856210736033
R26BLRROGAI70178,228.19728565659076
MFG29QSJMM33R35K,8553.695335525557
BORTHAD40P7PBKSB,1339.1761284687568
6G35SRIAK2JE6OTN,696.4034865810111
1B5GPBGGF67RD4G6,4657.8335843325885
SD4SACCDQ6SAGAR7,39.526212157531624
HN3HHA4D42LTM79S,1383.5358496818344
K4QTIM9ML8E0G7F0,1973.2422351368339
LE0DSR7ID5MDMOSD,33.95509688489092
71QC0AMEKTPC21CS,1338.4751178538513
00406GAJ0LMI2NDM,3565.312620844784
56KMCBG9A8H5983J,163.74865925070148
P9EP9HNC4I57F1T9,7.339723802873753
DJDSPT1CI4DB1ANL,2331.897827994034
ELS3TNJF7B537R5I,2104.843417863539
B2THN4LICNB3GJS3,1407.6196477102226
LD10SMNLM7EG1SB2,816.2135331366588
O3R590QD3P6I5DTG,785.967861764025
6RINDLM586PH9T7H,224.49483241974175
2KAQFL31CQ962GH9,3991.8108276751136
62FMKHA7OBO6RHPC,1914.7690319408014
E8C7O1928STAH5RB,1790.976042860925
RJ0Q9F0IPHMRBAJC,117.66724841789355
8DDSSE236BRGSFIP,387.1521964656681
860FO15HB79HD9IS,2918.008303834495
QPI6I1QH60QP38I7,4920.284894707545
7E7KQ4KECP63EPRB,55.58922566069336
PPR1T1LBA5307N3O,449.4278600660643
FIFG42OQGKGN8J6O,4119.684559496715
291CF1039A4I1I85,6.854796665444186
LFQK759M55NQTT5I,445.08484421985634
M8M0I6FKDCEBREI1,1692.121408008165
1N4P1O8DJGO3NGKH,9901.723622562879
MQMECHE5JF4SP4SO,149.60788706480804
DKI8O4GHBPDI80CF,4298.155016498406
GIDADFO3DAOALGJR,2561.5660147423723
JC9SSASKNEFB67MF,1178.6124772300386
0MENNI0KRGI47O37,4178.999146262788
AD8M1LIEBAGHCRHG,86.0126836615717
6NJQ6PD66CFDJE7D,406.92016111963983
ME7E68MCPFOFGPTB,5287.466248151844
Q1DGC3270TOM9117,13907.92576218022
1PHMSN777IEAR1OR,1951.528792602766
CF73T8R0ROQME6OS,280.81558136082725
68533K85GOBDMH58,1108.9656249669897
997T33J096M06MI8,4409.705316168402
F4QR63EFNDO76K9C,2442.4062326931453
7M0LQ3M166973QIJ,146.14734230118066
TES0BDCRL8FJCQIK,305.07546867920064
TI6JD20PMLMBAC3E,6503.726274781192
3TI8EPG3O0C87SPP,26.80049668443458
IJ9B2F8D9L8705P1,4167.839928992756
MSKNN3H01EQ6J5H0,47.17173112448272
R84N4L7B47BM88H3,183.50551200773623
26S8TG9LAHC1HJNS,328.29703685861193
TNO94EOBAF7S3LRL,1972.1045764195992
JPLFHKL89QDBDN34,7638.748607886796
7J4LGGA94R4D9M04,4988.806706134967
QSLQEI8BAIQIQFBS,1963.2612104265318
HLC3PGDMAQ2N6I1L,2334.0230351718383
HF4TJHSAPCIALM4C,1823.1493912942917
M5BETLKP4HAOMENA,2254.852120528313
MRJQQKSFS0DL6O9T,3281.0385034598316
9I2OO51T4F8TCN8H,2598.142717639797
1GO04QOJ7B2CQEL7,165.36176002897278
RMBH795LOHLHL9H8,100.23116460041521
728TT7O7L0KRBJK5,6508.136006416073
38RP2RH76HQ8DTK1,140.28362940170297
OJKCM3ECJB7G0M2E,1431.009654088963
LRD1DCK7L0TRQIQG,692.6123968874239
RGHR7OGHT2ACCKE6,1079.3325990190244
319HTTN1QJDN7IRC,3955.9305631759307
K4AGL6MOETROTJS8,68.21689713739939
S3060F6DN40SA1LB,1624.380627367474
H4R8GESGSMIFNMDF,5314.655942052926
PAJ3OM3LC2OMPGR1,878.3054823129576
8H6BCBHF3J1PB6Q4,4631.020190303525
S6D4JALQL63MC456,768.7715780764271
J7Q5P4ICBRCP9ICO,392.11102635254605
99JECISO7D5CIKT3,2872.110628640427
RA6S94D149S3IOTC,562.8927104532396
JNRLSOFJ48DKGI5G,31.736657639143182
LDGTQ1HIIQPTRL7Q,8555.783688179743
N5AAFR29HI2285GA,9872.244702884325
LS5LK590J2H2PELE,2426.011126103918
6RD0BM1RHLKGCJ2P,489.79807724207814
7SP464J06MQ6N7AH,6317.492398960471
RJIBLL8MS7C7LIPD,153.76706195496618
731M4BRQE6QLO522,4053.067683178732
L8P22L11CIS8639J,5769.214710288878
1C1OBO4TFAC8HP6D,2324.3686742939376
RJPH047BKQ42FR3C,2091.005582420432
8OLHCKMGA2S157QP,2866.8933114426595
LLKA93S2S53C3320,499.7076786233885
FLRPT3JB82H8DL3G,235.54235246608175
E7B7CHI462T7LPLM,931.0041824590817
6JBE24TK6RCO8GLS,2573.792811261275
P12ADTD01NCMK8OH,331.84287056083446
2S9758BIAEH288H8,351.9211531958503
E9RBK51RN8OHSD6C,16.7516145872018
9G6HBDQAHEELQ09E,331.58635124355834
7C0DKL09BM799P32,1292.850678005674
N4KEFINB16DKHBN1,5.689561454151317
PS9CIGE4TTMKKQGE,12.417900355829431
RG8S262RQDSI8NHM,355.736807892081
FS5TE18BF64EPNHB,866.462359612136
G61KDF1CODEP61K2,175.09899207479035
0CTI742QMMANCKP3,2671.62871136461
25MR2QTC3QO7QO93,20.879726968407898
8EOQQ2EQLPJAQ7MG,6001.804844247978
K0OI4ICOBQDLIF7S,5794.010486767068
4A7JFSR1P3EHA825,4221.12455929932
D4QB1HLO7QSBDCLL,3344.480523503323
C9LQ2RT1JCF9TCMA,3981.9291264276535
RFEBJ59BQ324MM6H,1805.4625957761289
F2B7498GED22HDNI,782.401209719544
75LLBQGHK5T95O9L,4226.929610186703
PQP5QOP7I16RCR1N,110.68330480477009
CFHR54N9SP3057ET,187.56711421568545
MDDBB6HOOOHJ729B,452.020986308068
B6IEH49F2FGF0QRH,437.60322737789164
2GF6L6SETAQG1S8I,3219.9542991328053
6NR00EJ46696QL8H,2442.8209249541724
F8JEKC425JDBKG1R,2719.538599960953
R15DA7RH69C5S6J5,145.283918938203
BSGE274FHA35DJR1,4355.694793312551
L87L1H0KP0P2M000,49.11299932805725
MEL1G84L5CKAEK82,342.81922947963017
J32IN9TMDO4I1GHQ,270.6789050370723
77J5JTF56QONRFJF,148.15264669047977
A1D8AMP306OPH2ND,3748.450547956005
GADEML56TQ0NR1OJ,901.2653623169674
Q6KT3FDB0QK9LL1G,12706.316629399675
OPPH7LJFTSIPERHD,646.9548039721608
GJ109F51IQ0T71PC,230.3571606248927
8EJFH1AAS5T8C17R,2434.664952318649
23LE9PALBIPAA76D,733.7598463269819
NSODNEDBIBFBBEA8,5611.909917632734
OPP959346JCIBFGM,798.286822826378
E3OBN43JIQ62B5C4,212.56565289279553
Q3RKSLNMHP1OHG6P,110.14309675360053
CHD5CD7L0BQSA02E,237.04814174440895
06FCS7PCDKMM33PA,758.645934175536
LRPBD8KGS1CN7IRG,1091.3208797676796
9TDHSF62ER3MJ724,12787.286800701575
Q24F8LJ0M94KRKF2,6596.161204008631
7QIC8OIMF3T2GL12,736.7162740952028
HDB8MAB335LEEKOI,1988.2400159173765
NPN0RNGOTFLKE3J7,11333.84162745917
BFTL94LQ76B9ARJF,4476.098620694316
0H3OGP26SCRC9T10,1523.6286073081048
DSTC6IC7CBS4QLT7,915.2044430360828
2O8PS6N9QA6L3FI7,280.69598864306215
3O93QOMQD2H4DK0C,16893.849739626614
P558ESLBFSNLOPBL,339.56107017582013
5KMNKS9TP65DN453,5338.95581732494
1SR6AQ77E4AH7LF5,199.92341168188386
P2FD3CCC1RCB2SCM,715.0533924588624
EH1E75HEEFB0TB7K,2330.4389183662706
94QFKKNSSDT3760N,1047.486065404736
F8ID6OM7PPG7SQD5,6033.872858309326
HGTQF39AM919KK1N,5033.284977121952
T53DR5OADGM6F9H3,234.66644532800402
C8IKS1INMP5FDJHR,265.5029771271193
Q1BGTRE7IFDBSPE2,10108.027297341458
9S0I86CMOJG13S6H,399.66011178320286
HNI26KG69LFBCQ5T,1857.5319347895356
2AS3FMHJ0I6Q3QOF,3887.2665867509368
C8GPGCL66ORLBSD9,14838.699534093004
F8ELHMKQ1JGKT2FL,1208.3022535877167
DP8MTGH88N1HL1GC,3320.8383542772535
845BRPLM0FQCC0PQ,15232.467883988782
A2A83H9EC0EMNFDE,1679.6809739427295
NJ9FLPACGMDKCT1T,7520.700957804341
P4P76NB9CD74B08E,344.5436912072188
50CSS64TGQ5L8AED,4.850384009441678
1JPBHKG8663SI9I6,1091.409745810044
043ML37RA2AICSR4,10250.402818907043
F8ICPN2E6AGQGEDG,2423.594042934522
5S3JIGI8KOIJ8681,205.10720634469408
H8M8MKC4G25BF5TA,1714.1335250776083
20IGCMQR8RLN2DEF,6.200722582679082
TREME0T184CRGSAD,2183.6808710389214
HGT5FT9GN8PIO33O,405.8677373648273
R3TPRN2BSH26SPJ8,3742.4336294258583
7OO1IB2SBH2RT24N,6.44533919420647
GMIGSTLELNMAJA5A,2978.667251133499
7OR79HPBMLIFDP63,2953.4673186881937
DNPA634GRHRSO6FN,183.4574118136831
5EGHQ3DS092N3LK6,921.446491923468
9TKA61RE995HR1NE,15.536312518987
H40BBKOBC50TML44,11617.883705301552
29FA682798OBBHPR,610.6023832843512
0515PKQO9O9QLA0P,20.8254144872507
FL3LJ8JKK15NJFI5,155.58054120979136
8NPREPLE59DBFGO9,1964.7317335215296
KI26OOBRBMJISEOG,2128.7701302316573
EQMH4JF2RMNS04TS,294.3457382867378
SO11JSMQKSE0AJ77,14744.725166849432
1IKQ25P3Q83KA42S,9812.921026435808
GGMMB8JNK74I9H0D,2151.656124657574
C1OLJ5MI12DD6CRN,105.43782216834161
LQ3ML3B1HSGRSDQ7,210.00508410671938
QQ2PL1JGR40I8PS7,308.7885786974182
OCOGEA3QMG2DBKKF,73.198743521734
616IF8DDT23G9LS1,415.871979915485
FA99R8H6IFOQ01F5,2855.7261276087374
SSH6KGKK1TOQIA2T,120.15426750256647
3H68P6RARN5O45D9,1164.0471551603973
KA6RIOB33P76JCM0,182.86349146704018
6HNLFOQI5MPF69RJ,345.8815197041039
5LO6PMAC2J7SI126,32.77240389716451
D23TLLLRM828ENKE,87.05213958047307
EDQTC5E8DT9NF15A,3569.3287932092635
A0KHALK2O746TJ34,4875.124661460464
H9Q20144H13EFT3M,318.6047988851992
KG5PE755Q0C18TNG,2243.0229173326966
P8MO8SEP75PLILRS,1557.1078654098892
QI3FKC28TT2NPHRE,630.6569568366992
48QOLSETOQE496IB,3809.8841138582534
J5MLMK72P46R9919,684.841977970814
4S6R588J2SF98LI3,2179.5669870330403
4FAKIPS99HQHEC85,1222.880139921273
TJDG1ENQ4QTTJP4M,5775.201410211762
QGP9OA5SAMSM9HT1,42.817467562648304
RE83EC6A2S97LL1D,361.1803205414867
9K6GL91J22KJK6D8,134.03111727348883
H3S2LGBRP5N14KBN,4508.483320179856
HNTNB538C3KON1IN,103.70011026651275
B0FMEOO0BNL2EE2N,8643.3213543746
4HP8JFNSIBQBDK70,56.663502021609226
7NTJGJT768HGBA0E,19.21998619453536
AE5BRORC2B1K9PA4,7645.0138589580165
I6ADQG7QMEA1MI2B,4047.9938113242733
JMBD8QC3ROLDMA9D,2621.9787752461507
8FGTD099789512FO,2061.7939743580796
FQ43LH7817GO0EIG,300.8146051335956
1GEC2H1HI5IDJLDB,8023.260755187459
DE4S968ALTKBO177,19.751489329601966
TH2RHKNLF9LEQB4L,3430.627174524549
QQAIHTC6CCP6T7N0,215.90549621383977
ILT3O030FSSN560F,159.98295860167772
6C8R7DI658F4F6T9,9511.735723106298
CMHBFDOC82JROOLI,324.5212004193619
8PA0CTFTQKI6A16R,2635.96692706455
GP9KRADHDA7N92DS,1579.1862373275887
14J3IS6RJO0JRCBA,2543.9941151823305
0IK9CJ3LO147FPIO,204.12683436088912
DD3C369SE2HE69CS,500.0919937338306
OTKP369FGNP3OHKK,5227.605502185805
D4EMAB0I3DM6D1LR,69.190190678057
PLBB0TA0TK39RBFQ,503.4301058640503
E1T05K4QFA0BNTP1,151.40838020323324
LBB0CERATOTKTL9M,2675.49879225049
6KAEFP542CF3HRIN,57.31982501755637
95RCGPN5HOB6S227,2833.3583410604692
7TLPBLBHBH9DH27D,4846.046463454094
1TA9HMP97F16H314,1100.2913630775804
LANE0LDLCF9E7PB6,260.39945222160355
16L94KIP08RHMA4Q,54.14535317519256
GT7DOR091S8A3ATC,72.3653000753126
4181SII3G9R55GP7,544.3006372989591
ON2DBD71J2RSSLKP,2591.774826036851
8EFIP676AS7MHLH2,695.5970197408581
QC6BEFKI8GN4OOLB,7279.036339935904
KG1DK5G2E50DGDNL,331.630615581233
1TQ90R4D2S73262B,303.1830654957734
DPGG5EO25TOERSCP,5745.493443399987
1CH55SSEJ128QC67,138.55499649966572
J727THT54LJBPR6K,10611.50876511073
1E594BRO3EDNCPN3,1712.1549991815828
81I8RJ7MMBOA5K52,2178.3757296142517
D08H88QCG6CG783J,5179.737526755127
K1O4RB61H48BO8H7,1780.1388154058934
HIOEQRD021NOTM60,938.1605349125933
JT8CCIS3T6S34TN4,1509.8772968695237
S769BH70R9744COH,22.19320589949361
3PL1I3NPOGTSJSK2,4364.35126823547
BI1IFB02BDMRCKAN,96.44823061603586
9SJBRGAK9SMKMGS6,1267.3741248282818
DQTHIICBDKJKOA2R,334.82275004383695
8607AR9M903Q1T63,812.7693346278517
MC7FMS5ALQ6N14CS,4456.979314774042
BJENBPMQNHMO1RB7,63.59570463445934
G788PP8MBEJTOJE8,447.5534220136011
K4J576H9FSRQ4RGD,951.894921235019
ICDECHA43B5RAOC7,5852.579021501663
9R7LQBOBSFB7EADI,2753.061932815729
8OF9599ID0I624PN,9552.871223637832
0DPK8O100960D973,265.5797890101094
FLHMPKHNQIIG6MS2,10928.760206252366
3L4NG4LT8N2GPIHI,1456.2743955289677
RCFJDAMGDCK51K56,947.4532487150449
03I1GDQTJ9EOKGG8,3740.8512538414957
NAFQA4BTEDITPDHJ,294.04126680881035
1F99OHIH3G3J0TJP,1497.6669810081692
NRI2FG8O1Q8C8RFL,3143.5772100826707
PNJ83ROKN7298KE0,139.0069363160411
NH10IMSO9PAH6EJL,5423.631545199907
1ASKNGRCAKF0K2PB,1368.8037147185619
20H45TBMJTJD48CT,1248.5998224139882
046NI3IOH90L5SOA,5949.247338422261
CLBDNSN1HM1GAT96,2025.9945014464247
569QJ8HQLP5I20SD,1721.4793429721242
JOK7KKI3BNA60MCC,754.1155127514246
P4BEFMPRP2FSKRLE,235.6684118202198
R1KO7GN4KM4LQLGE,6517.9638362220385
26AFCP0MA598P3TQ,95.37874804448747
1KDPN9IPJJOO44DJ,746.486353953609
C3CSR6062HQ5GJOE,3651.3077313615895
40P9S2BAP03DI0R5,2788.2226955444066
5NHOSK3JJ4J70J5E,5189.926214252587
BFNBMGJ4PO6S2N7B,12707.820532437616
321KJB1040E2KO6P,210.53500486328227
520LAL9IQMFFC5OD,4387.0641513170385
IE6OC6GJBMN6HNKF,524.6017649589694
6FPPBT8PBS1HMACR,1663.3268868818486
QEMJH5JSN3462GQQ,28.6122422832254
4QI7977P7F30LQO9,1734.6657558353293
HM0NQR2185TNJD5J,2472.064299001272
11B6HCHMQL21KTCD,25.731537286651808
IRIDQEKNAH0RMNAH,59.45396712433339
NKT64JF3DJ0B9BC3,29.745964718751434
QG0OONCSGDJDQI52,138.32831096259702
G04RMD08PC3JFJ1Q,1034.8246000547647
MQAB9KMCBKGIO2DH,704.4481919713612
4O45MHL3DCF7C8BI,3168.0581624578913
PH2ORRA1T53A3JA5,432.67224243574566
6828M9CMP63EOO18,4290.411779207102
8KHBNFT6K5NIMGTO,6772.239348545643
7I3QCE5LMTMS0CR6,309.88606474781585
KEB657GQ3J0ESOHE,211.20455807702814
R04CADKICJSDMRQG,264.1880015396751
J9B5DB45FDTCBL03,55.621303947865194
KF826PIP0R9PTQ18,71.81494154949011
48OODSJ43HE4B32D,364.8397532745556
F9K7LI874I5APSP7,1902.7975438513315
139FJPF0LEH2IAKT,4459.7164699334535
22AMFC8H4O9DTGI3,1571.7606250152992
RPPQO842CO6R8567,1375.256692789963
87BDBG7A0L5ECHN1,120.58632753660376
LDSIIE2I684L4HCI,6861.068598963616
8KFRDF90KT0GNE47,16.401127163198296
D52ARKLA7C4F4129,142.2266162503676
PCK5GBCTHR7PDKDO,718.2571414302511
RHN6SI1TD7HITPPS,2728.87209852579
IFTME3445E11E0S5,4395.339820765346
RA1D32R946PMCR82,560.5454455797928
KTFO66JSHD4743IB,590.9535976130039
FQ577HILHCFETC9H,7516.739884587958
92NTGSQ620I0G43M,4988.634451981867
NTOQ2I9ICL8HSINC,2642.536629915594
TA0S5DT743JNOR7O,125.45169018213315
O89NCJKCFD3SOOQ0,102.3664833870432
7PECID5377KRNFH7,529.130934668568
8N7IGEEJNDJADO87,4556.383777636248
5SG3PET4LT2FMAML,7529.870663390411
R0OOTFIEPSECO06G,1324.8693265502714
LMFRB85GK31G0IJK,6402.162228412553
2JJHSS8P4OE30ICM,749.3717531274916
EGBJJJEPO49RFIO2,1408.072968244829
I1A5LDSHG5R435CC,81.6499676772474
3INOILG7L20K7CP4,1034.0811165620455
K8J0235SP5P4NOBD,79.59755790287532
QK8D0T5ACFT56DJ3,320.4511827471334
3F6BN19ROFDMCBL2,260.416479400551
2B4KMCC52I2586B3,2220.531002781625
06MS5958QP12C4BI,4697.952426023403
D31O9E4QKBK65GHC,230.5813845037788
HEP81K7MPBA5SF4M,2230.774325433794
8JNM212DHQ73N38E,4087.780129712758
APRAEQNNPIAK2G0B,3431.2502271926924
QMQ3HKAM3ILCMSEL,1879.1152793529159
2RG0BPA2KPED7FBM,198.8397352809831
12RT5Q3HB9TRG88D,99.82821592516265
PQKPNBO9SIQSO8NJ,2386.4401986182843
1H19T1DOPLNM4TKM,3109.084059093731
1QTGEE63JI8PKPJI,4496.52142274653
4EHGQRG6742T1BO2,275.82810117942614
AL2PH2JRHI9CQER0,2147.050083726506
IBLNRK3TELQKHFL4,273.6464796646186
5J6T9C1FQLE2K7FH,1114.1455540951438
SLHAMSSOELIB28MM,6929.813047032752
3DRS0EF9SDI9TLT2,10.756584187207304
F90JKDRCM6A7EJKH,33.12644151420062
6ABNJPBGOO22BH8R,2293.2748338460074
EDRNI75LIGIJRF77,36.06476681744823
KDEF5G4ACBBM9TAK,1685.4556814346515
O18D1T7DBLQH1MC1,267.5725306888079
MI1SCABOR8I70PRP,389.1689404791802
NF6I96PEQLMCATFA,3359.7695933644195
SG55EMCACMNH4NIB,175.88842122194455
4HCQI653MF5CGKOL,188.1891891989312
0524P5KA15AF11TS,5967.100164025049
NM9BK44CEHDJBAFH,492.700640998935
AN3SMF3JGMMON491,5206.046953313159
NO0DT52980O3ITKS,312.35657643052446
3GSR025RP709CMNM,22.03859747621983
L2M4B7I5ESK4RD8N,2913.8132073328766
GQ0CBJ5BJSSS6TSR,944.0218966458489
39TSS99MFM57DEAR,7502.443999630845
QGTP8M37DF6MDAT8,12.916836766738008
1F7N75I7JT8T72ON,4063.588749095458
MFK1585CC73E2A4P,358.0953414825912
37KPISEK6JL0A8EA,1043.6840430523466
GLJ11IDDOOORELF5,967.5779457467394
F0C962EIP13Q0537,6958.957479780813
8D0E94D8M73S4JPJ,63.502910695032014
6O99F6N5BP8EQKQ0,1611.9697994698722
QGFSKPNM3M5ACOFK,3531.339997048463
9QLSLTA1AOPRSD7K,4944.110402837759
NM2BNK33PBAOPAF7,6089.150149971983
BA3KI113NBDTR4C9,829.3077526004158
6T89LPH5CAIII9B6,2875.621914216273
FSS9TECR62O1G320,4.341127964968469
KOKJCH5MKCGF4E4R,5805.603562715811
9012R3AAEJ4A8MM2,125.2520228541234
25B3ALLFMH185CRH,1938.7582238109853
A6BDNSJRMJEFSHIJ,2593.927866831454
FQ89GPHLJI6P8AST,552.0440503598842
NN19BKEJPEOK4CON,208.21887707709422
0P9O0151KA4DOSSA,3718.9407407433628
4OC4DS18CAICOA34,2032.6634996738082
JO5Q7GDS14DDCQR9,874.402123418724
GACEQDLHFONKFNEK,93.85047121788232
Q9ENBJEH5KMPE6OC,5318.07746574775
16CKEPGJ3SHF1LOL,2.340833771392351
O58P42G2S418F4J4,4284.713385574259
APJT6MJGM6QNR1MP,7119.536478221748
J7B59G4A6IR93BOH,122.74108744229501
2O6TAREOCK78PB0T,91.01100107433483
MOJODQCOAO8RLHE0,243.64853471881295
LGG2IHHLSM7L4SD2,1906.99893272209
S4G8745LI9F2QCKQ,4916.102567185399
DBH0P8NIE0KNI5BA,4834.54230267775
S948Q11ON21N6FM3,33.38649016076791
QS3ANHS7934RAIE4,2112.4274530599932
1LPASFQ5NO6L08S4,33.910711878768964
RNT8ANM3GA3AFQJK,1646.767576619976
0CSK31CDTJI0K5DS,125.11725522286612
K74QTHQN13J02HNA,2694.257735880429
GA9LOI27T4ROE5PM,3405.819332599343
6TA6I8S5K6EEKQP8,1456.2460050175855
D4IQS5N2OOIPS7NP,4133.310837905058
LLIPC8002099HT2L,5233.354061176583
RH7I5KBSTPL41QLD,237.5074372237704
HNPIL8D6NJP6G68J,908.1753440378782
BC7N17701P2NHTGE,1072.12713558197
4LK3I55R5C08IP1R,429.2658445367845
EOLNTQA9F1HEM40O,3121.0716277041483
KNQ3NM19KDQMDHGO,803.1986167331244
CGG0NECC0POGJJ0H,881.7387101381014
BAMHP13MD6FO1O5R,1947.006804499395
5C0QTAQP86NOEPG9,136.46417297399364
NR4PJLQETTHI78DG,240.32157769528268
C7P6NT9BG3HM44KM,702.9204806609059
JR9MM66LII41OTHS,55.73696900812439
1JHPMQL6C91N1B07,15113.69918190457
90TQ3KDJ9HS3A3R5,241.25300926593738
IK3EEN8JMR8AF0LT,590.5149341265377
6K4919KPMCFLJPH4,1793.120796176308
G56TB3SQN96I45EA,6516.275870815282
HC7MKRJK5CAMISE4,1662.2325685082844
MF5CJKCFCGCT6POS,52.01572492753453
4FIFQFQOA71KRL21,1125.3241992444473
P96CKBT9H664OG8T,293.2731925291864
DTSBAP5SCBCA038P,930.819742538826
O2TE315PO1QDRS05,483.04958288376116
A8OE2GOE60OS200B,149.5883163526592
NAFLLRCIRP3RJICH,6900.2964118118625
SPSFLPG4LJIC81BP,1851.2549502704578
QGDIAPD49TTGN00D,14093.923176306227
RKLGNI0RFRC5640F,11.702303496547954
JP0O5J4EF3MGD8G0,871.9845819122603
NT567CB04N8AQ68I,528.2248477031125
7GDFA7L393RB7T42,636.0494630447714
8IGRD74IPA30B2AJ,2033.5033009270549
S1NRD1H2H1KL6P1R,3120.288617828401
557J60M2DA1BF1H0,11040.170172088045
7KSFJMTNR83CTMD7,139.91568611477223
8CBECQO50124PLGG,227.84420562656481
MSORS7AT4PPNRELM,2381.369091546094
P9MRQ3AI2N9TM8CE,1179.6886145882115
GISKKTMJOR0S5ARB,8.502808223177249
0GG2J3IC6LSK2CTL,1905.2335438133928
I5FR4FQ41P2FA207,4167.116499843197
2K93MBCMNP20TRJT,442.8074805667357
79TQIMD2G6M8C5IH,3943.022979155737
Q7Q64FK8P0QDTE12,6146.129284789724
F49HB922IC6D7I1D,415.57756580750953
SS8PK01IK1N0N1B9,129.48155629957202
FG409M801PSIH09Q,77.62797036133672
S40KKOMM01GP0H7N,884.2580574008583
LQCOER3NKKP45P2S,94.5322873151757
7HIP38R4ERHKRQIN,276.10000376747985
CKD2GSATNCFLBCCP,155.6175745699144
FHP28HDFPRRI7GO8,11.402769240423419
IBIHDHJBK4233PCN,240.49597330447665
AISBBQH5C1FQ1C1P,239.91955802944355
LFD90L14MTLSS8TJ,173.1440419401553
R17QJH41HHG10KI1,4488.164946345365
QKQD78HQDJSTSDKH,3925.8065531701986
SOG17A3S8Q63TJM2,242.9073306560542
A793QFAOO3T1FSHB,1481.7286798459756
IRH5F7EL76SCK842,60.76386224686566
3DM8HHJOGST486C9,173.09724046342342
FNAP62GJHP615JRL,1375.8360292317861
B9ANAJN597M4TCR3,11044.334442317719
RAEPHR7EF7L344BR,1357.2799657350038
EHOR76MN9OL5N6RR,14612.323504785905
NTNT17T509B397KA,12071.836745096338
4FSDFOCGME717QNJ,5098.118326272872
OT8REF17GICISBH2,4642.845287502674
PTQBOIK7J18F4S8R,2344.557693079307
OS5QAGFMMF4PP9RN,5450.632618896325
MA6MQR3P8A37QO80,1026.4860206377132
6B3DBABFP05G7IBG,2134.1043818360595
G69FTO3NT2TGCNC5,5866.451506073111
TL0QF4D49H6H7PQC,88.3368107251147
5GPEP7GDG906210F,9.767375126724412
TE6BPDF9C0M93DQ4,1595.8590996486319
R0Q00D28R163C4NM,1780.9970951722662
GRHOTGCHTTQE7RR6,3104.6217043590987
9HMM20L72GRA004G,1937.6568526151354
H215AL22ARA78EK8,396.5432464392592
FND34EDKS25ASPKS,1443.1913474953928
K8035OGEGKQ3OMT0,5439.057968163292
9D95NL89ATS7AQ5O,1260.8119216322912
ED73B06L03F2NADK,86.81436993647566
TN7H6KJH162M8D6N,484.75208321326636
61HH9065C2I15E72,994.0077024739951
KM17LS5F4K7AQ9ES,5995.322493489456
JP4OTINFOBLRMBGE,368.27315902254287
PC02HHFALA0ALJRP,6200.475224890086
DHIAQ6H43L496RQN,114.38181141584286
LOMNT4EBHHOPFRNH,1762.617654493358
A07BIIGTQ243E5P0,386.4955011892978
4R47CPD87H8JA4ER,962.7011140841272
CIKHGO3BN2LOO1T2,526.6471846126796
TT2RDP9R05N6LNN7,48.44265280756525
Q6NJNCR63P33KKAJ,169.20535279899548
SQ2N288JIQ4G78J8,52.044481460843784
MKGC4IEO6ATCF51J,296.4755054574062
OGKO0HF2FHB5Q6MD,31.080540569839073
70PCD531J1D4JR49,2591.0713699349753
CTCPG6NIO6RI8RGS,3936.521320705728
GBLLAOO0SR0KGAS0,1756.5782714183442
P4AL4GQA4LRC8MNS,334.89941158414683
OAR8715QSM375I1C,576.0827843069059
CDR3KL1PEP90EAJK,5459.752175077438
FCLA2L8094PM2GJD,16563.754147258893
0TRG4F5BND1A7537,51.35890907141593
L6EC3DSF17CDDKAT,3413.929638866264
CBQ7IN3RKNSKPCSC,3494.5080816126124
2ADMT0S0M77H4B8Q,137.3158700592032
PK14IKGROJ3MI54H,94.85263739846772
1TLCOQ9C21Q8LHCG,727.5697747469436
2L4S18FKFTL3ORHD,2167.210124468983
ABIOLRL5L7FIBI3I,6747.1605081050575
DO32A57MORERL7LM,30.853111044764315
1MM1LDG43EDDB2SH,321.38888201519893
4N2HD4KA5NRGKATE,2748.096455812945
G29CJPEKIQ1PBJTR,1091.5782217081296
QT4OBLFNH5F3O91H,198.1772257950638
294R4SDO9L4D9B09,2703.3123963660064
EST0G3L0FI2BK962,5975.240119083515
QHP043E8NRD495RC,1451.601588205236
P8L3L3N2I98I59HB,461.96816698437914
KB5GR6FTMO6HAAG6,1982.6909122916027
DHPF29CH6P6HGHO0,2340.389849016942
PRMGKKSFLL6AAQ7O,4701.212038450885
BCMTR1MNEF4TD7IL,6053.563217102265
C3HTE610SNT0MA0T,4572.60930249298
IH752QGRHSA941ET,416.2353899734416
2BMLITFHBA2LSTSM,512.2715041103185
JNP3S3N1RBRF5S4G,6640.356461572306
OLPPQ1CIRIRP3O6B,6979.401142418868
LFB3DP9E7PAR9TL6,601.122854909666
BG67FAE792SFE131,1792.380184423417
S1P14QCJIHOMF30Q,3057.497956022938
H3L09Q7IAIGAHOE5,13180.755855389205
N8HN7GJHIAHD4CGB,3791.942374906052
AERMHERAF7HOCDH4,1414.386181180129
72CRTEOISQJIMACS,6355.093700719999
1IFP2ARFOQPNJ20R,66.2335577912857
TJB53I3G6KJQJ1JO,4466.457615357224
L7F5BL0TLKAJ5610,10357.785430649343
HMHR9SBKF4BTLLTT,165.19991839657618
DAM9CJKTH02M8HCC,4946.185118010182
E20EK21FNFR6PLIN,1958.600662111098
RCJP1Q51318INOC8,8751.9650355999
EDIQT4T85EQDNDEI,2938.1769492090316
TRIGNQ0KKH7H87EB,2932.8925527756423
L9PMSH0DHL60SQRK,9334.51124624115
4R2R9D8IPT1JNO85,612.3518901431286
HL691PLCTL3TSN1N,680.5130980495654
BE32QB394TDB1H6O,0.887458322765337
LOLEFGJ5F5T6FT1H,59.047869923568655
MOG68IE9QQIQCPKR,6614.700401898645
95FQCR86583H4AEE,4968.806538714641
QOIO1268OC52AEO4,9342.72710469709
KK658MHSF5N61SBM,578.2325162319531
K1KT59D214FF5D5F,327.4120278713792
PGEJF3P1G6MQBTJR,1411.793000698225
L9E2T9L1H7C5F4FD,123.03127126935881
PM48LSG6GAAN5S36,4453.998010923296
7AN54S3LSBAQQJA9,79.03091736929758
D2LQHF5N20E12CFT,34.45234634922062
7SLIKJFI7H61LQL8,81.76092972904335
IRQPMP0QJALG0C60,1203.8265839062822
INJL6EJHK7C5EI8P,4184.127538752552
FAP6PRFRT13KO752,1717.441448071957
B21PL2T799RBGI8N,176.32684283891524
3BC0181HNKMGRJ55,1725.3914551817202
5J9PO6S754OJLFNK,28.46554825200755
J5HQTP4SC1E5816D,452.91609322573953
MM7CH4Q6LJ7BANMP,253.65739062640722
1B01M373TNKR9ENI,1162.9172651153997
QAR3N2624JREABGM,9.499465060866777
JMJ6LRJ49NOPM0EM,3916.9720844653975
M10A3AKF0HCR3QQ5,979.9570261989022
DH8E7GDL59T6RP3P,619.635663783156
57NS82F60FD2ABQR,6067.902818068165
89MDKTA9L70RJ0J0,6138.030573302705
L77K122N0CI5D2MP,5874.350801103385
2HSJIMPC3BAL12S9,3554.1953032154283
Q988OJHDS3T57OKO,139.28749297029543
R5Q7HA2G0FOG60LS,1162.8831828666416
B7LTC6T5HJ14T3JR,1209.6368951014829
ENMCROSPMGK3GES5,3559.181397886395
8F9HTDLR3AKTJTKB,5797.868720250351
BOHC64ISG9EQDRH4,2567.651275584942
EEQC2GT1SHTQS0GG,2487.829489165644
AO72KMHG9F9236AT,7434.326017662152
PRPJS7GA132OMTDG,9292.060478566966
DFHG76OK2B7FTRMB,10777.268531439384
HN87H4F19NDD2EQ5,946.5179937724828
9A2QHB807IPHLDFA,1123.0078752200768
G03036KSGCT44JPA,26.317245129068578
69LDQGN70RF4TT97,10931.092824349247
CLIGMFF5JOCCMTHK,2005.4353009118179
O6DTNLA9CK86KDED,6.877413567660551
L0TND3IHHJ152MI7,183.07980798890435
RPISSTBGR5OQ0727,72.80574702190717
Q18E7CT5EOIQ58LE,1648.3289010009576
EH91RLKD6KHI0E6Q,7812.658630394282
HOMS2HRSMPNC9AOT,4012.1604777479433
3G66BA81M0K9P5H8,503.6575278670629
TS6KKRN5D5E1RT1K,3941.0854439570976
R6BA481K0F5FOB5S,572.016382690595
3ATDOAIB388H82I8,2336.7192251039305
QA6I09LQ26JLJ7IS,126.17563795229262
5I4QD538ODHNDSAK,6401.011742667572
9QT6NGT3ELRBQSJI,379.144217405143
2HC00T4H9EH47771,79.72714876911276
MEMQEMB6175T7JNS,12259.861249066867
HMJ4SF67LCEF1BBF,137.5088160996102
ANAFC0HL8HLBPFPO,654.1430837847631
CEKJDS170GGTH2GD,417.99004025750173
2AJT61LO2OEQ9OD7,4608.682925524922
QH0NDR4593S3MFK0,39.31588845628754
CK38JP697HBSQQ3N,6318.779411521701
OHIRHHQ4GTHJGENO,1840.9076856133308
07DGD0F6AP42534C,112.61433333996528
30KSNEC0LMNCG1N8,2860.273204935868
QL75S601J9DIT015,8723.565483163522
F7J2OI83ACKJ08PL,898.1645863482916
INLCSSEI6HIP5GE7,2606.8389331518374
H50R8RR802IABFJM,12.832444710863417
SR6CAO8PNMTACF3K,3059.742307937267
1S3J53DDJKHJ9NMN,90.52970925421843
ES748ODM4THO8E1K,161.09788861886747
LMPCBIP0198SC6N9,191.238083132487
53LNT2CPOAI44B00,595.8830203458588
TGRQ4MANGJJ20E7F,223.9475661431682
P0C4LG6JNCDHDSJH,7428.039040288558
HT86K57HCDTO5T1H,280.16332934946905
41D8OPDRIQH8MKS8,448.6954889016496
02M7P2H1CE54QESH,461.87560318611713
2N418OGKRIO9P2A0,1182.808050659975
2A7HO8FKB376IDFK,1585.3771051940569
IAJBIFR506MNRMLM,4873.912055205697
S7TRQFJ9LRR9E57S,78.97967175683489
KICT6NTQ5MM6AIJF,1773.0808870985838
IOP7CLDP7QO1796N,2442.217187681448
TPHQR9AH4J35SE1B,336.7300801240273
E591LRBKSLLKDP3F,5124.332172299302
LBNDL6894CSDH4S8,981.5247751543371
CG981MAG32ETHCLT,550.664392992797
A769FQMMTTENC0F7,7362.5950024640215
AFKDFSLFPHNGSCII,5114.684770376744
3H6IHFOE4I35A72F,3677.6089852357727
N7IO7PODL8G6KFBK,2461.5310798253163
49N7T36ANB8MKN83,1619.555933992547
HJQSFDTA11HDFRSH,142.8971889778525
N1KB9OAT9R31PQ30,223.06764952313733
3B7CLGSJSOBN0B5C,2860.875732055414
J7HE15HAKNAADT6L,4310.086301865741
GIKHHAO2949HBE02,409.0040278142414
0JGM8CL8EQ9MBIEI,2416.1431937949483
14FBQTE3285OM7TR,3269.258704169125
O408Q9OA1S6Q3HP5,2352.5297084318086
AGPHSTLQLOHS5E7N,5917.877410392837
L1NTGB907S2SQ06J,68.57296695806764
LSTC2MKMH8D0HDBP,5471.917155470378
SAI3Q837TIRC2C30,68.14952739680558
11OK3ME2JGH1DLAT,7006.257813435693
T16NQKLQN169R6T0,205.10483062934466
QK2J3C86OFF1C68C,115.50394077511581
NDG8AQGLFPE0FLH9,2400.80608481416
54H7ANAJ3RFC4EGP,108.2012877171967
N7SK5F434NFHPTIS,156.06493229151815
PK0A4O4PMIHSBPSB,1793.4935586109762
IM05IRO8926EEF90,936.0513947849892
G63BKM3EHTH3Q64D,489.979241595453
GBGLQIFMD2SJMOR4,651.6784671091942
H566L30IF30MQQSI,58.17611187907712
93R9M3T827F37KF7,207.27230051912954
1CFITI03RKOE8S56,1779.8279837498746
5SJFH33T1EKL659E,7494.991908276119
IQQEOST8FPLSI47D,2566.212249110254
P2AOP9T0ML2OG880,122.74189434194264
78PF4AL2RLFO44F4,287.0658000882966
CAN27GCNB569L2Q4,119.51045591744885
S37813KT1R99S9RT,1655.537693963041
B7OHBJLBOKRH0PHT,1492.8435921017851
2HL5F7HQR177PSB7,76.75712259696988
F6KKTC9I70048E7M,23.962825967962054
5KH1TDQT7D7HNM9J,1416.6756530246942
GGKBOOA484NB8T12,68.35112137124221
5717MRMJC7R418Q8,861.7995408996359
RSE7K5O8DFCETI37,281.8234864477952
QJOCRNKP4JJ5P2AD,141.86984511508874
TLBF4FESRQS79NMS,6738.583363870725
F6KAOB09SK3PQSEL,3125.1992891203954
EA62HSFETOSGH1SM,496.058677908626
4COL7CLAOSJELG6F,413.48539287732495
IOAIAHHIGR6F0IBT,822.5785654553185
JPQ06GARBKPSKOIN,9298.792272214321
5K8E2KDJJI16OKDC,52.11083679099071
0NM5RRSB12ODQDR2,84.26828003756681
J3QA1N72PA9HQ2QC,136.79068489444515
F85EE88FKTIDC7AK,370.4863660316855
FOTERB7C6RQ35NFM,2610.8567628340643
CBNQMNCCA6LNBF5Q,4052.999916548542
52N5T34PK5RQ317L,2229.994233427845
JE04BA73EAP1HBJF,49.16183290409932
8S3E258KMJ79RN75,419.24217730338114
AKICJLT207J79P3R,4237.985776503319
7L8C2T9328DG6C30,417.0982298305287
RESPHBE5601S9Q80,2770.5997219719234
H9HHO2QGO02R1QIE,42.6399069045994
A1TB53PQQI4S9F47,219.67107965511332
Q6SPB9R1PQB4FBEG,3476.532938094818
7T7M5EQ78TS9TGKM,22.951517673712768
D3R3KQ7MDI0K3582,9674.356461533069
PJD6M4RTR9EE85BI,218.1641494410482
9P86QSE3G1LR0QQ7,3127.1300645151196
5PODSD8JO2GQOBLG,5806.827888274939
D23KJ009BHNJR11J,252.7182785876464
9AMRCTEJSIK5AHKS,4570.586943005929
Q7RHJL9A0BEAT0S2,14.818611848068066
BLFCGONR41HN8J8H,1549.6337269554185
ANLKDE8Q05RPBF5J,473.7418933685119
ESBQ5GL3HLHR0FEI,676.671832642486
P56E8N3NGS2QTPMA,12288.83474196061
CSSHTQAC0AP6RQ32,2069.7215342221634
28N1S7EHM1QT1P2H,2717.5443149132752
6JN2HAECTGRO1I9S,528.9913904659513
T1CH85RSBB57CN4G,281.1691306111815
RC4J5OA47KDN5CD9,931.2405729148685
B20Q1N49RL78PT9K,1078.1916427579797
C2M1LJC3M64398AR,284.0002003305749
F6OTAA66Q8NCKC68,2223.215968691439
Q9DQQTQBCO3H844R,1967.107486460341
73M0MBJ0RCLJSMJ8,463.571216841692
C04J6LRDGM0NP2E1,5603.516956209386
CG4S04KEK140L92Q,1984.7484544859356
2P2NCFJ9OLP8FPGL,421.45395430217155
S1LEBREN9HFTRF6B,166.26851303205166
3HMGF3LLC9E56DKL,581.199375097919
D6F270JROSO3JS77,100.37194235052513
N7GBEJNTID0N8HI2,3406.5670426723073
BF64MJD7DPLLM3TH,716.7098369441379
G733PR23NFP1G3J2,2476.491982536239
7IC6KPDQEF7BPQF1,4789.067440272993
MSHQOSNS3LHKNL5J,380.39423075033625
P2D5349FF0DOH2KA,6639.772414310634
DQO9A11QDQPFKK73,4382.946226715089
0OJIF4K90RJRJSBI,9736.061345507105
QPHKO78MKGIT535E,121.23236855303205
K602RK1SA76Q2D2O,4807.587209797974
L3408H83THB6D0M9,2395.663232127314
NGJBDDGMQIQ8AHOS,990.7842165711734
T5ABBPDKROTHMNLM,522.0599526904847
LLMBHDK2P94K8NJ3,1305.4348413757048
EIK1JTA444N58A99,408.25839307954857
ILNMP9JGHQ38K9KT,96.3787543405001
I9OD67CR1G3H6LRF,118.60684980725868
RHOMNPLBHDORE0L5,2505.978085617572
9G3IE388NJDF6QHF,83.98649520003046
HODS36BSBBNLMDH3,1467.278875418216
NTQL2F3TTRO9MLMB,4685.986219812018
35M2CM344HRHQ9L6,4345.1277461906075
4421746G92389PSQ,206.5724096865608
5EPB0KKHQO9ELCDP,133.76603526126604
3B446TLT1NBNCD1J,255.68701829696852
42IP603LPK4CT1TP,60.563635500801674
MKIB6KMNROLOK64T,4066.231288480718
SAN4LTRO6400ABL3,59.04899779452933
PIANGC231IRRB6L3,1382.2691240075812
SOA4QCIEIES40KMI,4232.840740287806
044DLMPL2LLEA4P8,624.3567285658919
M174CSQN41AS4N08,1634.810653784025
47DL99PFOHD6D66E,3693.827905308514
FHR16QI528LS6FG4,2080.1910856987242
GRDNRIPQC94HHNE7,6579.22826653474
6O7CGLMSOTH999LJ,1256.0582650009032
O82N0N592CA5EJTC,83.34855585767627
BQET062S8PG9R6A8,37.70467390723304
SK66N7R531O27F9F,63.19304426001287
AIDJ1BA4AP15IIJJ,375.00602130510214
ES07EKFR7PTH8DHS,1054.1222993927404
HF75185OL6DPH4R0,4739.745903033459
452K43NJ01ESNKG3,1365.3883909934736
N8DHM0SBG094QCMB,3463.4060305833814
1CDCK80TD4OT87TM,4752.406441204949
334ORIGGRSDLFA6B,1985.3888455632084
1GS6HE27Q5DTFMPI,386.97209112380784
GK7F03SHKIN7J00D,3789.971103333285
1GD3SGEPJLHQIP4I,3573.96530197982
IDIESJT9PO4J9BJS,1138.2570694357964
SOG1R83JCFD68RQ7,4309.532286132949
FKSEFEEGA43EC9SI,70.62865898797622
41O8KBPK4E0J0S2M,370.8767633558371
SD9T2CM3P1M1CAG9,3329.005488074292
6ME0R2LO1MBG3GTP,2949.1322317936842
E86N92RCHKLPQP1L,161.96621876892155
NB0MSIJ5AFTDKCMP,120.8729248211856
6NM74N523P3IS4AJ,5610.615794379874
6EPELOK4PLM78T78,1950.0380190875778
O5GQI8P6KRGRH817,1330.5065889457608
3C7ONG65JITLHDBN,4475.466853864337
P6G87D0C6OQF5C08,79.37899009971045
0JSMN1029EH3AQ75,1730.0456166033484
78NKCJNC2QML0BD0,4402.233433480832
FSQJQB8GO07L2HQ7,3237.3288657115704
357AN35FBEEOBS48,244.47749627868865
OG70EM4IG3FG4CFG,3225.463009984109
42660N4JSREIIIES,4.042154597900318
ID3DA7GD915SI0AB,716.6654388346765
EH73I14S8KCHCMAD,1717.1578876293897
B9LBFLAT3KNGKJ8S,2765.7289566578597
LOP9LMA7ACISMMK0,3654.566476648245
6MRRPTCGLC7K35M1,7419.995534935371
JFSDQTQK6GTIHEPF,334.8659338017208
3M0ACQF5LO7A4JB7,419.3362518386194
G1BMAENH4P89EJLO,5457.7130342868795
I76PQQ8E8CBDE628,1379.5456246121912
8JSHDEO225E7EO1D,320.2132516169971
56EJQTJPE7TKTTRE,4152.826002139302
NBGR7QK42RIFOAN2,3268.177575876096
TN8NAH7GREP7IC4I,39.73746820924239
HBTSETSLF5KRD86M,2787.3182095942634
DGOAIKOD4QKC6JGR,9.935671014094694
SRLTGPMID6EQN0IF,11601.516528124486
LBEP8E9T9C91T7J4,6604.928466187882
8RATT8LHQ0FLIPO8,9573.733898868173
PHLB353PONS1RHE1,3470.0016869929705
HBBGRO027QC9BBDC,3725.6679296136012
8RT7DP5SERSAF3SI,2778.8336995089767
IPK05SCIHT4MCNC1,1435.5058820519985
K43920RCBP6ENI2Q,7434.102487558463
4DT9QE7QJT2FDKPN,1923.7292716103718
KJFEOLG31HF31BOI,7404.67526934386
TS6P02CCMD13PQE4,551.6050994306647
DBMSITE1EMC2E6SD,12059.278086226906
S9HG10SF2PGGSBPC,2800.6503628088644
32GL8KC4P594HMAB,6344.537448795473
E00TMNRJ1SA6GMT9,3342.626236325868
9FOFT1FHB9TFBH69,127.19637525544633
7643JKCCTBMLHMJG,154.64785240155055
HM4393017H9HGO4S,97.67818522856876
JLK0L4TEC9O6RIK1,120.15805409553685
AT45FRTMHIO8GH9M,52.29714030774906
24Q9PA91SJT8RG88,9370.098115753244
E24Q6405IG9P4BLA,463.6502366453679
3A5QT6KIKE4E30B8,3944.2085377853346
L68EP0SSTHKTE0HR,81.11834787747314
JJL19G187DS7RD6S,2315.8234491859234
ANS86GB1SD69PHQR,12943.20458410522
54IPNK2B44ND6DR1,1722.6539283775724
K029CFK7BFRL64O5,809.1483736438956
4ESQQ1QPL8BEIB2M,1948.9254637143151
NBSEGTT2G8TJ7A18,341.4606526296759
2JF5NDFB26L08S2J,7308.363187672403
78E3S9T42TTO0BAJ,382.1611855407738
JNCG2JMRJ91B5LB6,6761.619188437086
5IQ58JNHE63TSI1Q,2402.0858940793833
N6C9LE541ALEQFP0,2477.8212859077653
AKA3K6LK7EQ3PH32,2803.9235938193797
OB719DD51N2E19S3,541.4746687216223
A93K8LL60OA39HEG,5423.73913028569
T7C0IK5QAJF9SG57,280.8972015059669
G0E5CJC2DF1GR9H1,959.7781639829271
PJQR41Q3NDRD0409,2904.1140467202276
GFD496FRH2BP83KO,664.042272410557
6CQAD9N46AKICCQF,94.53873722394516
91PRL734KCEBI9DF,17.2159044240228
LJE8A6MM7E11SA6F,3931.2357518408116
QFM4IG62BT51QQN5,88.84143556194522
2DKC4RBB90BELAKE,119.4361489005909
GECKENKRAKFJAAEL,3748.123521721951
RL6JPNJ9G8PFH79C,259.39894546747337
DI1OT0M6KI1NGH60,2832.965103513543
SDJ9M00TSOHSTOGB,112.67701440362546
SQBO5R8NQLPF12HQ,4025.6685311800397
56QG64PAAPA3BGT2,1216.5957982695118
S0M6DHHD6181R1E2,3295.7664134743795
POHR2L1BGO70ML0M,97.41992644919924
K4IRBPSR4P00KIRD,10363.78598554387
1O8G82J5D4A6E1G0,2455.4039887677886
P0ODMEIKISFQDFFQ,4565.840907356128
5J1DEM0KMGH2J49B,16523.931860427412
1RFHTI19CAN2QP4N,2221.4422387253453
04CSCO3E8N9BS5MN,4023.640491461932
MRR87D8C0O483INB,10807.649673483187
T3B2B5TSCFQA0T35,6522.626831557317
E9CFPEGRBG3KA5GP,1962.8188287275102
1TGFD4M66MM42G30,7072.553334314817
TKG3JOQ1K89RT9OL,375.8139255022351
TJ57HREATIL6BILF,85.65756332889897
21C79TO07LL2AFOR,191.49319702044346
4M44GOJ14H1369G9,4161.409118895569
R6R1FLB2ACHCGF83,3175.969893216169
8DLLHHO0MDN0GM1T,54.95992865717292
KDGJ5PJK4C6R50T0,290.9929748341623
I4956IIC72TJBEE1,1693.9394958904008
ITCRG46LSJQ86M94,2861.5365791786708
GO9T16K0P7D62NPC,3.422412139213213
GES56OQ5B3NQCQQO,29.678503553137016
THTJ9GPCT15MKG0S,189.8054494260562
NCTDS1G4CDFABLNS,3029.7816586981726
OGD809DG9NOPTHSN,2651.5869133962215
927GE9AAMOK63H2C,16.709890670344233
HDSE5K32I9LJ0OIO,6233.203002246985
R233LOAF80GG4LPC,9537.310149465353
8S04AMSMI0BASLT1,5.530046021476912
1FCQPELL1NM3G5KT,10995.838350397684
ADDSLL4F0Q3JS0KA,6419.382128162816
88H4PDGGRLSS10QL,3062.793100743251
72DJBPI174BF10AD,128.9775350887905
FB1JDSR1NE91SBCC,6062.437192204124
5QK3CJAPLS7DP2GB,6238.444781301388
TLD7IIAR53D1CJDL,3489.6427107521645
4FFOCODCLS5NB6K9,582.0944243122233
QBGF79FNBH009O7L,1.6823713005614365
BT9I3H2HK217D5DH,219.9013485515473
0D2004PD45QCSLJM,804.1097867216585
PONCAGJKD454Q4PK,388.9034071075632
GQCER2QKMAIBRMSL,247.26676410003665
L1421NM3QT87G9BS,2499.370954132884
TNR8EH9KR3A3AK4G,2002.1653095525498
K8J2DADFR3FD0MSL,2882.8628227150866
44542FM86KL2QI5M,116.8919044700479
G2M8PB96KQ6RO49M,377.53843514569087
JMN0ERH11FLH0LKD,10.302100444683324
25FN7QM24L7E5RAG,751.435012147994
5HKDMOFDNIOFNCIL,233.5179625660699
SALLCPFNK0CEBF7F,9095.1906706393
3FID6BGQS9A3EAR5,558.7677450720357
43MHFT57ATLN97HD,93.5446322050775
5BT3IQH7TEKN6LOC,180.15914909418274
SFMKF667ARHF924R,931.106152135422
4J67HDDOGSC5TJHG,6277.759811722041
K7BEJMO9Q0BF1NN7,6686.938981208644
TS0B8J0LR2IT0ODE,8495.647350005636
91QBDLMBMQABIHTA,389.7377128713178
NN5M70JGAF83QJJ9,69.35777335505783
7CMF3BBGLER1RPAS,3950.014208139809
PK9165SR5LTRPOGO,9593.830205064633
S8NC43D4QT9DCHPR,3455.715064181749
NPTEO6634MRNKSOG,134.02649192856632
CMA37GFQBMN3F5C8,434.6184612841995
16BKPBO0IL12O7MM,199.14013149104815
M31543N7IJH986JQ,3098.7785654917398
S6TIJ436LAGCNNBO,1609.5278122556813
KKIDQMDIC24SC39I,484.3385033047483
M4EB66BM7KQ2JGNP,39.04825286739153
629MO73IG9EOEG0N,5849.129302880986
CA9ADSCH0RAB97LC,2607.163306991907
L44PSHN03OE3L5HH,186.95259253838816
8OB798749TI7NQSI,3058.821839865618
0J9M88PG9NAP3TSE,104.99164575018841
CPJ5OFO0GNJG46NB,1266.1279182500482
FINKGGMSM2A3PF7Q,1260.7904852868696
K64T1OJ9BELRF192,4759.877855482633
56QF376J4LC5OBJR,361.5162536709037
E0N7IS8A4NASEE2G,1212.6389925956
4ACTKQRD6TGPQQPR,245.80571989939037
FP2261M9E0IT9FOS,2840.901152939681
ROGJAGRR52NKGCNO,5135.833549298939
5Q0KH1JGO3MR0PSR,5297.740663091932
67KEQ80MQNHHAC1M,4805.73288904523
TE30FC5BNTG206FT,3428.6738958716583
MT1M5MTPEE2HFDOT,3607.423227988141
S19IHGECPG4G6N64,6655.85359528996
7ACBDKIJID9M8183,303.5742056033204
6865GA03TMI4TNMF,659.8710933569998
DK8P58Q2OTM61ADT,83.21752796124275
QAPHS5HLE8M41I26,2738.8948961422675
HPAI746BANODB2JG,2207.2359189881986
AAABF0KOHQB6QEFP,564.2390880949436
3RRH1EREBMTFQE7M,180.8791319273343
C68AK9TMALFRK52F,4170.563995998108
N14HP9Q0QA72EDFN,2289.6801744973027
2PNFT3HARC271P8L,226.07189401950365
GBH2C1KE2G083GPF,873.5248543185207
4KLQSCKK8LCCGH6K,48.54225110534162
M8E69D3N88RO0903,2707.039270529214
MN11RCHBQP6KTS1Q,9125.80313031549
98GHCGSG0FG55C1J,1164.8707497345574
9F0LS0JEDCF2SEHL,3537.336688762918
KQGO53489JJ2MP0T,255.91487507365662
3S7GLEBKLOTKBP4C,1144.7242123834774
BG6KJACRCGBF6SI6,9669.784793222634
E0A8JSHNR6A6JGI1,3364.9151953970318
OGIPIEHJD8JOFGOL,3244.9408098716535
5PHC4QQQJD7382NM,2457.939023247465
IHODG4RHODGGII48,1467.2192324159635
OQQ2Q9O48K6P2RTR,6217.9785045430135
EA2ISHTITS8A89CD,1276.525658954708
JFL9J92604L0J377,5054.5063322337
O3FME88K1O650EN0,137.73886476262317
FRSMI3951D74QKH5,54.23429556955423
49T1R4DB48QG37SI,656.4136576410583
MB0862SKTSFPB285,962.2315394473997
306OIQDL6EA6LQ52,3296.7514431991467
21P3F3SGHMIC28FB,11.586742675697236
HKDLG048IGCIMB71,11041.982197938289
F9AN6FEAHGL2R6GO,1449.7129935345763
10E47FPHH4CPI86Q,318.05493304544115
O8OG8B794R4E1NBD,93.47973247793018
C6M6C0P6BDFQ0T85,343.4217153282509
GM9A40O247RQN7R4,468.62331950933
4HTH6I14KOH2P74H,4126.861254178332
KM3OCJPSE287K3A2,6777.918164413141
6I0HISHJ0PP4LASK,247.75782327071425
EGBDD2MFON66JN56,345.46270163238665
6B6DHJB1MRKN4D4T,952.484752868734
IMAE3CTG2HI2O6OC,3171.9460283217545
0AG1N2508CPAQI71,321.9316028551141
LL0M8IOM65GT20BL,406.78117415620176
GFASAM20D0F2K2K0,3187.6625845883577
9GA42BKG29ERAGP6,17.343329502568295
ER85NSIDGN6KGN5F,3761.201217130679
LKPL2NFS1N584I9P,289.048688262047
TGJIP4P86SC4OP7T,3187.5818031275894
MEGI3F31MM89CQ5B,27.34496706628256
K6LG1OR00EFIIAGO,4882.068977891689
S2RFJ5AGC0TBSH8M,5258.497138563134
TRGE8C2OBO2P29JS,7249.542165796328
FP2HN4M52E28TK67,839.4659706521709
S08DSSDM3IJLN45T,69.81301228644087
TJKFIK32PI1N8A54,4.881015234750829
HF61GN1EL40Q2EAQ,1828.361382596697
86PLI913H79CGG9K,0.6529249408105522
7AIKLGEE1Q69QIJM,1550.7959787735397
8SCLFE68S2OQ4AG5,4017.6899403604116
T22JIP6KGH7SEAEL,1616.5533017818445
RFR5BFTG4I6357TC,160.264500399808
B1N4Q1SGKNICB27G,337.7860031188694
D6RLR0SRLLTRGL2T,2829.047276169865
1OB168PO675ADQPE,92.47537944834626
JD6FE6GRMP3C7KEF,1140.9614551648515
C0PIM1LRLGRHSNH0,3796.3931590379348
SHIIAFA3638AJM9Q,1278.7447859714794
DMC9J6DH27A3PQC4,3339.6514519973894
N118TSLKBLA6PFGB,137.50868022344937
5AOENMI51RPOJF9O,2862.8309289765184
AISCH5EHE6J8AMHR,4645.763151284701
56CG8RPPNI46ER93,4445.046446601221
NFIOAQTN3QPGRIKT,2257.0216006766036
8SFGHSN6BIIHIIQA,1928.4808006805818
DAAJQ0J09A0Q26RL,2284.42968272255
589IAITSP7GRP42Q,187.43629737773125
S8M65K5TKMPQ4JEM,4426.807328678632
E7379OS06JOS950C,581.1564634222398
3EHPK6OQGB87CS50,5222.430661014643
5F7BNAGM5SQD01NS,11414.92431910724
IBISHPD0JI7E7N28,1635.6908406083382
7O9E9L3D9J9KT3S3,2590.4880474130455
2E6263Q9FTORKTQ9,9985.560921752098
A505HBRKQD2HBSJT,5575.409379449055
CNFESISD0HFFJQDF,4378.632514154983
REBQ9JL6GHRTG9RQ,122.82710405876716
Q9MM45ALS0SB68HH,112.79096073856522
KKC3186C56C1PGIO,1753.8855963508345
4FM2GCCGB5ITBE36,2627.18208280749
36H3CKAK857LB6B8,2849.406106859175
4G2PR3H037MQ8OFC,20811.502110771227
8B4B58GGBMOP9EF4,1521.027903238518
HTRM36024J88R9FE,1615.9700368221893
H56B570LHKDECPC9,380.73337545036844
HQ587RFBELDIN3QM,4641.71734659284
TLRN5SD8B64A2FAH,4.5649367850655285
DELCJE0LBCENLJS9,2400.9331250403184
2GBORIICL929JGQA,142.56234620655934
JT2D70KSBS25QTNF,3260.4776658860496
TTCDPCGRNL0RT9CS,2738.479187351912
RJME2ONN2CGEOMAP,128.4938123974905
6SDISQQGEI91LIFA,601.9326548585569
8BOPPMSIQP6TJKDK,69.18048946603916
MTT0IGA26QH72E4R,173.64563958298615
CEEL73N6COOH5CO3,4911.214128790929
E4JB6OCPFQEQDCGD,1184.7397544246355
3B6L10862KR5D74B,7202.805007356458
KN5MLTGLJ746IMER,12998.556443628833
R37FLKF494FM785Q,910.7581565770738
41N4FHQC3AS0BJE4,173.44827438431395
SIDCMB5LJCC0AIMK,1141.3611589217082
8H5F2MSFGJ90A55G,1328.4173548538713
4KFJ1BGK0NCADTOG,5800.570446098538
IF58L4PMDE85BIBN,4355.656902082911
FRAEH21NIPJH4MKS,976.6204575355891
IOCD993LSRKOQG6H,3781.6181207319614
0BGC5NHOJL7JO964,4327.229010428584
JRMI9I0KHCIL9NRI,534.2637240632724
BISGF8M524NH53NP,6108.734862538764
HNELNS2S66LD69H3,902.8030539109996
2QL2BORN5H23GHFK,5628.2297688776225
DBN0R67BKEEQ5E3M,905.3837354881671
OOTGTH74C3T6SHG3,319.95526270096786
NM83HS5N3F4NBC1O,502.96784634437853
79RDFPS8LG9748GC,671.7606159846064
1FN4AHT6CO7K9RBC,147.83681305222174
FEMIMH3DI78OLHIO,3.838968171080089
NAFF0IT4KTMQD647,327.36334812838555
8TGNBD08QBAO67CM,749.4916996853409
HJ6LTQKD6MMHC8ME,4445.456359435355
245K9QL8CEJKGL63,3.190753064214922
4PEHKALTDK59SDH1,4218.469321442483
LT6LO2Q6OSIA3TA6,2301.161543546867
8CQLPH9JN19OEAKO,622.8930273577619
DND9TNB7HHS7RSQL,2886.2711750558256
9P279B1R9GRMISCP,129.95796992517745
7H2FDPA0EMLNOEF3,1162.829843573543
39OS2FOC2ETQ975K,3806.0022292225303
H59J1E6NICGHT74F,1985.4847790670378
L31QFQQKSGN89N18,1096.9932813192495
SPOKR45P0GJ24H2A,1455.170365374623
5PEQPH2ARCJJEA2P,6162.117726922733
1PDQDOSRGC9MHF3J,175.93410890629278
5LLNR5II99IMCFFH,3537.0832737198366
CSPP43TQ8F85MTMH,1585.5683116127982
H940NLGKLFDA968L,1995.7156659298248
05E96P4QBQCCH8CT,5.675325894037092
JN02N0SFR06TATQO,144.77886595835173
ODCNE3KF3A78Q2J2,179.01635109823872
K7ML33N9623FLOF5,4385.200943599362
H1ASTFL2JD9T1MH3,6119.7836665714
5BTM175OGMMA6SCL,2906.106382263234
FC980JM73IGNFN33,312.9641819869107
ED5OE2KLO909LLRQ,582.7560729323112
D468H7MSPELRB1HR,2623.4768845708345
60S8RP4JCHNT0I24,870.8451815690586
BTH743CODJC41K3F,5665.548920794051
LAPSHGO35NS5DTSF,2029.3977241201171
82HM0GO1C3M80G1N,2129.8168013558125
2DA6FNKC24JEOH40,190.38787710346037
9TB8PTQF1CH7FCMB,4131.751227308814
4JKA2347BSF9SMCF,102.54811802046234
B323DLTC403S8RHO,216.5043064774074
BEMT9A16KBPJASK8,2063.3404127167455
9SR48OPPJFPN0ALT,2583.6852610597693
MACPRLEK2ENEMEII,31.45513429902632
4KAB7A75HA5C87GE,184.1576686498621
9ELAA8PO437Q6HKG,4038.629793673625
F351B26MTTCEAAPR,3554.925287186649
7LOT67M6QKQJHKLE,5198.9964491762685
KMT9709911MH24HQ,206.46944809132563
8HKGA745KSS3AD56,1181.507281559448
G9T4NMA6AQH219KN,107.8243567386406
E6M75EPRB0D1S54F,77.61227890912409
IRNL1959CHOC7LH8,25.60503063157585
S3P7RIHJRTRS0DSM,275.9639342835739
PHP8BPOBLEASMKFP,5600.055223922554
CBT95ITPGR8KG60R,3241.7747839708036
KLFLB9JD2HJFMCKQ,34.24510207425099
TDAFCEF1Q81F457P,1186.586269065639
6A19IGLEN1AE5T0S,9137.928185472638
S91QKQN5C7C21MJN,4.429313158132909
2J7B0S5IR85Q7Q6D,2081.93828286514
9GG9QEE6SIBQFTCK,718.457037707401
CDGE7TJHH90J0L6S,399.66235604259197
JK8K699QCQJRAP26,15.747772814371416
6SKKJ43NQTEDDL72,24.02012453179441
8GJCT3OBMRNH4M9L,417.4189192068882
PDHAD83QMPK76BRI,881.1710574646027
SJMB6O7HTJ3QM7FM,1403.07323351614
G2BQHQ0D3LN5OQN2,1349.5450271049813
D7BFRJNS3HR5GQG8,9181.804449091354
KJ314KJN8TGOM7BN,45.17921092466953
099F982SMAC688B9,870.8381822329839
L4HLDR66E6610RH8,5468.166186543796
PTB5NOGRFR1SEO5N,7619.379780282968
LHNNHJ688M9DRNA2,343.82268592571086
6EPRK9N60J9JING7,7125.318518239448
JJ5STOP39LEIFH0K,5122.1484190512665
DDMD00DDSIE20GGM,4783.640511677314
RJC8QNNC86G0IPD4,3158.8163929375014
7SD7S81PCH8TT8O8,831.1569661760334
CRIBH4ODAQ5F7TL5,2051.5421166129086
C4GAI1ONF5N0THR5,2643.5405855784024
QT19NIF31GI6GH2O,7853.122912818993
K54FMKN855MR3J8Q,5261.4800582618245
H4QQHDFPE7QP0B76,1936.009746765155
BRFRG477P9S6MMQ2,6645.928934637838
0HRQG5NRLP0KDHNK,7366.56960183538
7SDJE48EFRPPNEJK,228.75915348618204
PRT8RDNG6E86518P,4307.918807031697
SRNIBIK27BQ2M3PB,3759.878386884599
6CP232J9R8N84702,1630.2442800607248
AROR24MH3M79EHBS,128.17823068707077
